{"version":17,"hash":{"type":"Buffer","data":"vSI0cpkQLBPF0Emj74V2mjK4Thp48UutaIPBgByI0R60nUPpFBjP3XXocV2c7dKRvLhA9RWn1wnksItdnPclehc6TyUTW8QQkURZRki1c8QTFhd/D0X4vUZXs2AXZQz1G96VYNS8rkEtmcRGsWIE95pEAqqMhnWNQLGYRrb01wY="},"indexValueMap":{"BnSwrKpnPS3xPGRE5exE5Cx/6xaJAMJyfCOdPbzRq+U=":{"valueMac":{"type":"Buffer","data":"q2Wq2BHEfVCtIzqDmlYBE3w/lRXoIBypwt/uxInpSQ0="}},"Bnvpf2IgY3vnAqD0ex6jAhdfxjGNPNzqK6iFiQk0SIk=":{"valueMac":{"type":"Buffer","data":"F/pNUw+zRySXChq2xz0L5DoF92LAfvhquj3rdJu7uJw="}},"CHTzb8HqpB8rnFmiz3kPhMkfrsJhZ7JGt4ANn03p1lc=":{"valueMac":{"type":"Buffer","data":"AkAg4Tj4SB45LINumPORK4YFWbxT+aUUeROf0PhSuvo="}},"DT+5D7BSrQyJRRlguC5ww2jjcFkUelSMi+Dtbfv3bak=":{"valueMac":{"type":"Buffer","data":"5KDV/zPXGT3fG3FTz07pqjUKdg3iy1VEeXdsAfDpD54="}},"DXRwQkuW5CsbVW9KLqEjrM9ytiTg+W5NJBaWWjKryc0=":{"valueMac":{"type":"Buffer","data":"zkeEijwdpC6S4YckK2dkeRYoKcNQQTX6+qEfj4s4dz4="}},"FAkRsbjvdCIycQ1jCwciar2gq3CSoWzXPr8/YOoUqlE=":{"valueMac":{"type":"Buffer","data":"YeJ+5j1dyiIlXXNTU/UzUFV8LzhPp2MSWOLR+/FaeaQ="}},"FO+uR38dnhLnrBA4AAs4gMijdPqch5GQYarf2zoVL1o=":{"valueMac":{"type":"Buffer","data":"FUnn6dobQ9tgtFUguozUe8W+cfpmDKRwxBBQw4IjFv8="}},"GNg3ZYYDmyRQgo8dnc0J8oxH/T26TjcryhONa6GvjsU=":{"valueMac":{"type":"Buffer","data":"FxsTCHHxQNpsow7UC20szqi+v3XiK67/QlRubEJOyQE="}},"IRSzXXeaKEUowZ4Rs8ogeo6KjDeFC4TyQaxEs8wUJis=":{"valueMac":{"type":"Buffer","data":"ji0i6kKP1vMFPchZun4/s6x5P8PbfH71YpcTYca4vh4="}},"IpqwJjyhwcpvO5rCnYYDs7nKW3fGByu5ztbJWpJ9TG8=":{"valueMac":{"type":"Buffer","data":"tzzTX+wd6mdB9flUlYzNmMmdxAKWGDZHlgTX6X4FF/8="}},"JmIsqP5C+ZilIdLPXck0rxtcCVR3kfgVCy8fypzCagY=":{"valueMac":{"type":"Buffer","data":"AgCnsePpOMlH6kNX1U0bHY4kPwEGUUj2WlvojUNqcuI="}},"KDgn5plPoYSdy3MRLljyMxrwhrwOghkZkomOBj0EgGM=":{"valueMac":{"type":"Buffer","data":"LT4wS8s/bsQfFAbzuIHuiTndTBMFJMXD5HHXpmZUp7E="}},"L1nD7A+6cCFsjs68jy7OLVrXyHGIwaSZQju5ZwEO0GQ=":{"valueMac":{"type":"Buffer","data":"NC0yMhcj4tqBj0hodq2gIaeQUJZWmMwiFHZPlObPuOE="}},"MLOjPvFOVwVeghosJkdjJYsobsUsY6dVsKby3t62SW4=":{"valueMac":{"type":"Buffer","data":"s1xSZDK3r7W35SmjML9DpSY9cjaalPCKN4MDObzcbHo="}},"NNpcwOZYqMlrHbtFvY76mI4yFA62hd2aII1S7jdxI7E=":{"valueMac":{"type":"Buffer","data":"AsJ6Etq6zMcIlECt7lcZnT8dsjP3rIkAZR6JLRpJgco="}},"THstCZvAiApbj89tlIYVHbqgB9vAebyYHYoUBcgvIYQ=":{"valueMac":{"type":"Buffer","data":"hzqa8V5bEagkWgKJOCBHwxRzKUC5zIEvA5CQdx7t088="}},"UXlEJgRfw85wyYb4lGqFnVJhqMe+mwkLw5FEHtYzS24=":{"valueMac":{"type":"Buffer","data":"QIq/ekjQqNB5m56zeUNl2g1vn0mRvNLFhpN1OufT7bE="}},"VW9VEIW+qHd75p9xJ5y2qwcE3JkODoNgKE27Yfn0nAw=":{"valueMac":{"type":"Buffer","data":"Lic7dDrViwHJdx8onaMF1JeONfHZQHx/1KkBaolkGW4="}},"Vjb/CCegLeX2kKRpjpJ6hfr0RRLI8xWW0jT9Hxmyv/g=":{"valueMac":{"type":"Buffer","data":"Sos2ceBb8eMUEzHFiVbkWGjG6+SuSbLHbRyZZEIOycE="}},"VsV+ZOS+5ixJLCT1XbxnBQyQBee0g3uHT0u/jcrblao=":{"valueMac":{"type":"Buffer","data":"TjywLqZRLrJDOktuUAvIPC9Jh5z4sWLySqynWMjSi80="}},"W17PpI41gE+Ifccl1IwasRGWV2paseoJEPFh7rvivqQ=":{"valueMac":{"type":"Buffer","data":"u6Sc6LFa84OIG/uO5kgp1IlZViUeZlZAwr9iE78IL4c="}},"YNisEoG2QUzGiuvk4sufdEAtb/WhdCUUS+Ke+mhE/nM=":{"valueMac":{"type":"Buffer","data":"v1wCLxd9xRqawKzy5xoEHT41gVJoHO26kj/ZjG7lanQ="}},"Y+HQyHGXdy6ZeQXicGNRdKsaJf9taGZnaDaXNJPILOU=":{"valueMac":{"type":"Buffer","data":"nUx70UAvq75GGI1WSUltIT7aiPZsBNbJO07UfXTCS4U="}},"ZkwVL9UO0gRgq+JUCvOasbZ/hXNpGain83hdArrLM+0=":{"valueMac":{"type":"Buffer","data":"WFqArA2i65zGj0CN/8OrH/Qog3JSshUzANBX/UIQPKM="}},"Z6vwImJBSnvoxhVGvI02ePfJOEcHovv4c8iiXjVlBNs=":{"valueMac":{"type":"Buffer","data":"qZkvHKNt5dQnlduas9Uv7kY4vFIcuqyHFqKvHZv4p9Q="}},"bRUrke/2OIja9/fcQGKyaWqqo9hVJrBa6KOQNlttdME=":{"valueMac":{"type":"Buffer","data":"Tu4HmE7yiPkvsJpWE0D/rLfmzZi4Ojpaz/GgWvNFqPc="}},"bdT6cdgP+ydstOnalI1OYVfWpK7eHLjo+3P8fYxvBU8=":{"valueMac":{"type":"Buffer","data":"4RxujPbMCR6465Ad2Xh8/hvdVckvys8JrLzIa+snuNk="}},"eesoarDfs3irkMqlDa3uzi7l/KaACD4nrsxZelR4umo=":{"valueMac":{"type":"Buffer","data":"7nJN9IjMMdusb+duoyvF03LFk/ZCem5zwlA7iDx8W38="}},"em4HP/g5ABWojHXD/KZz73Tqs5Wb481x2GbWJ/4vWJY=":{"valueMac":{"type":"Buffer","data":"pvE1z0PJWvwL4D9sEmdKWmzUPGAsND2JlTtieSXLwnA="}},"gnLBRqRXZ8yDmHQ5dhApTxa4F8ymwYrJWss4NL0H1I0=":{"valueMac":{"type":"Buffer","data":"Ob4qMlghPTR9Ss4Od6nKuTXx+tzIm9TTZZ8FAWOj08U="}},"iN3hA4D36ESoiHejzDo0R2ZiBivBq9eZarT4niNWc64=":{"valueMac":{"type":"Buffer","data":"saIli/F5F5Grl7r2jSlwEa3XmY9TVKyqfSgzaYIfAT8="}},"jxLSh3LkKZ83uEHxUEtWw5rMddVzHQrHB02jBcMuB2s=":{"valueMac":{"type":"Buffer","data":"xqmh80MMcjuD4QdqTt4IgWtDfeEpRLqfaoZkSFu8VY0="}},"j0RPFDXvhqWz5ZQsz+CmBhGZrN5/59hnp3NQjn/jIB8=":{"valueMac":{"type":"Buffer","data":"8sa7haxpD1qztuiehwwWQOyxUiGZqRmmIzavKfPabYI="}},"kFM9HnNM1lI+8mhGR1mnhHZSzNl3gaV741LkJ8FaumM=":{"valueMac":{"type":"Buffer","data":"jlPX5PJFN4CIvRwyY7EGNTFwnYeLs13LQSkmKxdxlKo="}},"kK4R6XRun37FnZZ3ShQCEgwp40wRSQvgOmm/hPrF7uY=":{"valueMac":{"type":"Buffer","data":"p7/YIcZ6vR5N9trDDYcDkuOV+1V68peqZA/nNe9QddM="}},"pvma6LkY2tsWvv3k+SMEPN+FCCkZwJHVljmgdc8d2Og=":{"valueMac":{"type":"Buffer","data":"dRaaqil+67CQlQkW9gur5zHukyLnlpQuxyl8X2T04gk="}},"scgdpWNnPxg5U7rIPzYZB/rp5bASUz3pP0wwZuPTBe8=":{"valueMac":{"type":"Buffer","data":"KBpb8Q1hh/1a1wxy31QGTZY55mn6LoRiTex0eNEOThY="}},"s7jWTeXurkP61WVkn0sTa6vXqjStQaTmpDKj4x/gmWQ=":{"valueMac":{"type":"Buffer","data":"dOJCR+ifj++0kO3puBl+Vb7A+7j5hvIBbdD1UJEP/uY="}},"uaWloVO91tCfhv79d+riRbPtSsbhrf/87wbqmynCtbI=":{"valueMac":{"type":"Buffer","data":"p8CvQb6nYntPYatXuc5/u5Yzl0rHrmfMAtS2z0iLnKA="}},"vaCfoMW5A8OlHdhXr3xK0vhmkiTchDNETo5zXS6Umds=":{"valueMac":{"type":"Buffer","data":"XRsarRC04siXzrsJi5dXMjs4LA7VIlb9ioYPxiVE0wc="}},"vvhuIt29M4Mz3Pi5Utp2mGHbtwULsWQaXkwM+/GR1x4=":{"valueMac":{"type":"Buffer","data":"/1MBbx/DLySEKmuCRC962Pqz0zJ0b3QEH+yt0e2eNG4="}},"wDj2iSsyqGPkByRELerlqP3OHEr/FpQiNU6EpiDMp4E=":{"valueMac":{"type":"Buffer","data":"62sDzoS3Pdt+dNQXqmcMzswdBtIJhmgkv/pkScaLMT0="}},"yXn5JDUuQHKB+Ur8pKkjn288q53udwe88PGUD4/X9W8=":{"valueMac":{"type":"Buffer","data":"UKmfnkxZgGfRkFTGcuv6GPG/AVEOJVQoPZz5ZfXQFL8="}},"yeJL3ACwye8PQ6U4scPtcX9bzSqinYjdCWCejt+Z9Rw=":{"valueMac":{"type":"Buffer","data":"G/PRpKCOd8vYYkC2F2QsoFx/W5ECCIp/EsnDWPxHR9U="}},"1PEOufv0iN8z40kWeMNvkoqn9TjX6/yf463HnyQENBU=":{"valueMac":{"type":"Buffer","data":"I7rIdZbu6Y/8fKu+q43ZTVE2OF2hOI6WO4FjavAwZPU="}},"2RRcgqS750u+/SPOR0K64ntd9MV0jaufyjIDZkpCNfg=":{"valueMac":{"type":"Buffer","data":"9UPIqHRmQsIzXa3UMPsPtq9WJUPLTx1l3Df0HlIIkbk="}},"2yrWkyeqYoQlqVC/KNJS6rJR1RiANfFAkYWpdTpVIes=":{"valueMac":{"type":"Buffer","data":"iVQ+5F9cA9UZCHz2IzpavSPaQ6IW8jxq+nhxI7rjK/E="}},"5qUSdXN9FpTbWRMBUiueF0fM/v2WKlQtlKKiKI1LpTI=":{"valueMac":{"type":"Buffer","data":"By8jK7Kpw56xUXs5DBASrc64qeakkp0TvNZP5oxcZuo="}},"5rcCTREkAFUPNsHLNrpYtlw54m4DTIQ1SZWX3sZvpvI=":{"valueMac":{"type":"Buffer","data":"yHGtq+X4Mk48uf/tHqWZmchwbJaCbmhvKVtidWd6UYM="}},"6h5WfnTEV3QAswMz2gWJIwe4cBHSWZEyfl81OACcjZQ=":{"valueMac":{"type":"Buffer","data":"1U9Uqfq0UD3WIWQsojCmuSI+Rb5fwvmTdyp3Nj2F6RM="}},"6zqHiS6vo1ATlkPvlnme7kIzVUy//j28vMzHJMneDcI=":{"valueMac":{"type":"Buffer","data":"nyeT0Cu/wvVjUjgdVC3Lyu6KISF0l63wg/Wx08SV/OE="}},"8iXgtwbzj4jXVWMIbPFNwKXkKW1OV4laAxMyA76J1mo=":{"valueMac":{"type":"Buffer","data":"lRWhgoDpk3cIgGbA6PXml9Nwa2H5DHKmhpcax/jaKFw="}},"/5a09HLoMwnuJuKc2EkuyBvRSP3dxGheVb5GtH0OZdg=":{"valueMac":{"type":"Buffer","data":"i7CRNnEwCUBulgX4okwdJfl+sKYmRYhaPOgzmONzOJE="}},"WEyHTbqyiiHv6WjCVZ/dDdSLcQy4Ei9tQDnpjq/8AGU=":{"valueMac":{"type":"Buffer","data":"ngCfidVme6oAHxnU5ZXmp3hroBhMsSPa9xobMHSc5ns="}},"aUBhrfBc7CepM9Xu3Nl00rY3zmX6w2b6m1HOZ0A50+c=":{"valueMac":{"type":"Buffer","data":"dothlpKUQDhOnFvPONNnBkT91TEhAOw7dC5XCo+Jb5k="}},"jAKh5SpP4uXgCTglLSmB7Ue05pQi9Vfn2U6UODOJ5Bo=":{"valueMac":{"type":"Buffer","data":"0wf0+0q2yUrL6Lj4VkPhRdGffCGmUKLqxxzkAuYTqbo="}}}}