{"noiseKey":{"private":{"type":"Buffer","data":"0JdDy9lfC3p2bU9+r9GSf6n3ImtBWfu2KUkdNxRX3Fc="},"public":{"type":"Buffer","data":"EAmMKnI0vxKxU99/0rHRgziwM+rxEgL2S+QzxWrHFBc="}},"signedIdentityKey":{"private":{"type":"Buffer","data":"GJeR0ZJs/hDKHYv8cJXvMUAt66sbNBZ5Cchf5RQ/Mmc="},"public":{"type":"Buffer","data":"Z5lWS4qjEvigcstzXbolkun/Ce38xt6Sw91zLqVYZTQ="}},"signedPreKey":{"keyPair":{"private":{"type":"Buffer","data":"wKp125r0kME567PHoY1tU/igqbVFCKSyDrS+5pouUW8="},"public":{"type":"Buffer","data":"y3/O9lRaXHLlqor9nWfgN8WyZRrZ9Lbuh9qV+UhIIE0="}},"signature":{"type":"Buffer","data":"HOVnzAYzR71XEI5PMZMLo66cFWZBEMw8yhzrdFQtcifuCsLjsUeC90uqIKpfJ/ZAuTLfrfiWs4KGgmO/tS5iBw=="},"keyId":1},"registrationId":170,"advSecretKey":"ai9ZSDwAGjxjTW8d+/SVsI5rcuER/ZZMjZV8o57xeRs=","processedHistoryMessages":[{"key":{"remoteJid":"6283848055938@s.whatsapp.net","fromMe":true,"id":"F3A3504D1BA37608CB0A5390640C7E71"},"messageTimestamp":1684264047},{"key":{"remoteJid":"6283848055938@s.whatsapp.net","fromMe":true,"id":"378C9C704F4B17468E559FEA5D47610F"},"messageTimestamp":1684264048},{"key":{"remoteJid":"6283848055938@s.whatsapp.net","fromMe":true,"id":"F5BC4D364614751BB8739B6BE42090E1"},"messageTimestamp":1684264090}],"nextPreKeyId":224,"firstUnuploadedPreKeyId":224,"accountSyncCounter":1,"accountSettings":{"unarchiveChats":false},"account":{"details":"CK3g2rwBEOWoj6MGGAo=","accountSignatureKey":"Zw+95W+NQviDr+52iH2Whb3Nnhx2G1UQDFloqyb9TGM=","accountSignature":"+y3fOrUmafJUzKLL2fQZimNb8IRsQIofPVX1Z0XP6hSgHXPDVuWA45c5LuqPmSOmtWIoP2uzttC1MHKSfYYODg==","deviceSignature":"mgjeyVAmaiugugGvjUuPfOKRS5cIFuLS6yA6S6XxFigE5O36rmgGs/1RWIzF4R3vOpMu8RbU5/TTQGUzh7guDw=="},"me":{"id":"6283848055938:12@s.whatsapp.net","name":"kiww"},"signalIdentities":[{"identifier":{"name":"6283848055938:12@s.whatsapp.net","deviceId":0},"identifierKey":{"type":"Buffer","data":"BWcPveVvjUL4g6/udoh9loW9zZ4cdhtVEAxZaKsm/Uxj"}}],"platform":"android","lastAccountSyncTimestamp":1684264218,"myAppStateKeyId":"AAAAAJ/T"}