[{"senderKeyId":845548574,"senderChainKey":{"iteration":8,"seed":"YxosRIZ0NutTkoaqLy9DkUZ89S7R7RumKiBN9l+xChg="},"senderSigningKey":{"public":"Ba3/6XInqRVsW6pNeDuUpiAMg2XeTlxd2aTQXPxxVnk1"},"senderMessageKeys":[{}]},{"senderKeyId":845548574,"senderChainKey":{"iteration":1,"seed":"vC7YdFWmPNUAkaBKP2mA1IgAngKHBNs9ah0QAli5KVY="},"senderSigningKey":{"public":"Ba3/6XInqRVsW6pNeDuUpiAMg2XeTlxd2aTQXPxxVnk1"},"senderMessageKeys":[]},{"senderKeyId":845548574,"senderChainKey":{"iteration":1,"seed":"vC7YdFWmPNUAkaBKP2mA1IgAngKHBNs9ah0QAli5KVY="},"senderSigningKey":{"public":"Ba3/6XInqRVsW6pNeDuUpiAMg2XeTlxd2aTQXPxxVnk1"},"senderMessageKeys":[]},{"senderKeyId":1857952663,"senderChainKey":{"iteration":46,"seed":"tiek/U12zIqPaGEuB4ZBlpajaM6wHGlO8og3UonPqtw="},"senderSigningKey":{"public":"BSozQVjiBjuQTxJE3QYuExNS2XRqNLcgdFZg4krfMLw6"},"senderMessageKeys":[{}]}]