[{"senderKeyId":744225392,"senderChainKey":{"iteration":4,"seed":"q2X8rSZcZLOSqmAsb+UaQHIWiI8Lm3mxSYXTqapCudc="},"senderSigningKey":{"public":"BXrPsNGk5wbkUTFO2btUNEYek39yJd8w82B7KuNaqtsu"},"senderMessageKeys":[]},{"senderKeyId":744225392,"senderChainKey":{"iteration":4,"seed":"q2X8rSZcZLOSqmAsb+UaQHIWiI8Lm3mxSYXTqapCudc="},"senderSigningKey":{"public":"BXrPsNGk5wbkUTFO2btUNEYek39yJd8w82B7KuNaqtsu"},"senderMessageKeys":[]},{"senderKeyId":744225392,"senderChainKey":{"iteration":4,"seed":"q2X8rSZcZLOSqmAsb+UaQHIWiI8Lm3mxSYXTqapCudc="},"senderSigningKey":{"public":"BXrPsNGk5wbkUTFO2btUNEYek39yJd8w82B7KuNaqtsu"}}]