[{"senderKeyId":1449447881,"senderChainKey":{"iteration":7,"seed":"BEgD1spYv/RWeS0d0FFqqhC3xOXnYuz20hQ9tjuEGTc="},"senderSigningKey":{"public":"BRIE7AyQiiM0Jc2c+Z3OSVpPpM7uXgeYs/rpqtGKbSVh"},"senderMessageKeys":[]},{"senderKeyId":1834663984,"senderChainKey":{"iteration":4,"seed":"lQ5GQGfJKhq1OCMsYbGjinV+hCzaGclVe7ZbiCV15HY="},"senderSigningKey":{"public":"BX4uRaOdXHBogHzOiumOtwQKOBk7V7ei4KaZSzjMYPNN"},"senderMessageKeys":[]},{"senderKeyId":824516985,"senderChainKey":{"iteration":1,"seed":"6DYG/ABQ+WafDCvaw1TKe0qpXMSN8zntjvTktUNPWw4="},"senderSigningKey":{"public":"BY2PdPpHUm6tUC6XcYKqMldrNVc7kZHALu458yjgM7xy"},"senderMessageKeys":[]}]