[{"senderKeyId":1472087356,"senderChainKey":{"iteration":61,"seed":"jmte5dOcEBe6viTVgIDe65ONu289utQ4gG9h4SRWCVg="},"senderSigningKey":{"public":"BVEo5n0wCEYVzcCCRx0Nu5LNGWO8NglA3jtZRSeXGb8i"},"senderMessageKeys":[]},{"senderKeyId":74106428,"senderChainKey":{"iteration":58,"seed":"gVCbjV+I6CHRkAtLqJAjOv6pzivPe2yxZ9GNHzj6ccM="},"senderSigningKey":{"public":"BS/LFELDvbweL+KvZOWbbHRku5/lNRq9gTrZY8z7s0c0"},"senderMessageKeys":[]},{"senderKeyId":144315841,"senderChainKey":{"iteration":2,"seed":"+qRD3dseSY7DBgQ9xdojvSICJowBTBFCQnF3T5GAl5c="},"senderSigningKey":{"public":"BbUgvYEnId6odGoYxzP+iPMeGRkKgRXt1xqemBhesYNM"},"senderMessageKeys":[]},{"senderKeyId":536190344,"senderChainKey":{"iteration":13,"seed":"+eKqaf86ZAKwbhsaJKxcPBSpsAqUCyrDjBvaOV6TmCY="},"senderSigningKey":{"public":"BTM5kaGNp6Hb+iM60sKGMt4ifmZahBBe/Trfe0vIKQEh"},"senderMessageKeys":[]}]