[{"senderKeyId":82295437,"senderChainKey":{"iteration":11,"seed":"zOPY2cSn/nhwqWN3zTPnfqkHemQImKRD2zirK+5Pn/w="},"senderSigningKey":{"public":"Be6/YvVdjJhl3oWtA28OhYWL5bfKD5J9zY56+rpvlAQC"},"senderMessageKeys":[]},{"senderKeyId":1789286492,"senderChainKey":{"iteration":9,"seed":"ZgR26G9ElzybpRWoGAa7lFgABKM6tDDIg4wnK5sMaqM="},"senderSigningKey":{"public":"BZQrim9BtSII4Wi0sO5EqW3cPq5MrX6eIGu+SPskt8dX"},"senderMessageKeys":[]},{"senderKeyId":1256995428,"senderChainKey":{"iteration":27,"seed":"8xZt9pW3bJxIWSp14U3gW9w5xLXuoyCC8V1OWrPRDyE="},"senderSigningKey":{"public":"BV1XaTwwg0wsucX0WTLYjfMlX7L4CeUiLgFfLyN5BgAq"},"senderMessageKeys":[]}]