[{"senderKeyId":468099412,"senderChainKey":{"iteration":2,"seed":"fNEuKH2LHxSznvhMwVNkItp17gKVCCTDXkrJcXfgJok="},"senderSigningKey":{"public":"BTfYpEYxvDjqTb2J6FRUVQOq/XepKevo0Jq4AICKagQe"},"senderMessageKeys":[]},{"senderKeyId":468099412,"senderChainKey":{"iteration":1,"seed":"BienErRT9IU7MfdrYcD6XEh+bCijkaYZc1DMxVooG48="},"senderSigningKey":{"public":"BTfYpEYxvDjqTb2J6FRUVQOq/XepKevo0Jq4AICKagQe"},"senderMessageKeys":[]},{"senderKeyId":1415805871,"senderChainKey":{"iteration":2,"seed":"VZCuE7LeHfN4AFke/EBjoiniZ6Q1HzFEpFEOuHJ4q9M="},"senderSigningKey":{"public":"BWcX/EFYSaXStY0AElzatfB3EREh7mKUqLXmSLiXayME"}}]