[{"senderKeyId":65752365,"senderChainKey":{"iteration":197,"seed":"xOx05VNqJDoe9lcAGr1l4qsKKLBOzdzqe0BiBO4hn+o="},"senderSigningKey":{"public":"BQf4TSOj0yrU0TRs7RbJJGE9OLhcl1jnYgMWpnYiwxFZ"},"senderMessageKeys":[]},{"senderKeyId":1048108294,"senderChainKey":{"iteration":72,"seed":"jPTUvBejQSwm4bse3NVNx2ai/JZG/4xpWngxpljgUdM="},"senderSigningKey":{"public":"BcFVFuidu2B0uSELM9d2aPCvTT0nRMknUuEbtokI6DdA"},"senderMessageKeys":[{}]},{"senderKeyId":1899517556,"senderChainKey":{"iteration":48,"seed":"K5DyN2v7HUpe4wUrVwnF8BpvY1t1/i7DZ4oioPxUEkY="},"senderSigningKey":{"public":"BSgLMsB873Bl1wzVo7rAqSFSDYLPDJ7LSn8H/j3K9t40"},"senderMessageKeys":[]}]