[{"senderKeyId":816978543,"senderChainKey":{"iteration":47,"seed":"RY495W0N5zvr1AitoMGXlPveUTNd4kXgaABKPnizJwI="},"senderSigningKey":{"public":"BQ0GMRq1i9h+ij7y+o6+IE2O/0Vyk+dGqhmls/sfoBUt"},"senderMessageKeys":[]},{"senderKeyId":816978543,"senderChainKey":{"iteration":33,"seed":"eSRIY2U/tT1NqXOrOIlmJKGFQK7vjQsH3R9mb5hEdgI="},"senderSigningKey":{"public":"BQ0GMRq1i9h+ij7y+o6+IE2O/0Vyk+dGqhmls/sfoBUt"},"senderMessageKeys":[]},{"senderKeyId":816978543,"senderChainKey":{"iteration":41,"seed":"jHVgnzCpdbBqfFABXgnNvolf9v2h/M2gEGq73JGzC6I="},"senderSigningKey":{"public":"BQ0GMRq1i9h+ij7y+o6+IE2O/0Vyk+dGqhmls/sfoBUt"},"senderMessageKeys":[]},{"senderKeyId":816978543,"senderChainKey":{"iteration":42,"seed":"IEPaLL1dY9FAcafcDHizfiduqQvG5N4GhzfzizngmKo="},"senderSigningKey":{"public":"BQ0GMRq1i9h+ij7y+o6+IE2O/0Vyk+dGqhmls/sfoBUt"},"senderMessageKeys":[]},{"senderKeyId":816978543,"senderChainKey":{"iteration":43,"seed":"bB0my7uBJjsLr+nfT0p2hdoAXL4lBqkne2HXthvKgsI="},"senderSigningKey":{"public":"BQ0GMRq1i9h+ij7y+o6+IE2O/0Vyk+dGqhmls/sfoBUt"},"senderMessageKeys":[]}]