[{"senderKeyId":849265101,"senderChainKey":{"iteration":2,"seed":"eUTL8JUJduf1Q3AZZct9L713WoMt3ZNWgZvT3796YhQ="},"senderSigningKey":{"public":"BQCQpMd6t95O42SETAQlFzjm0552ZZXGbfWmwIMh1AUu"},"senderMessageKeys":[]},{"senderKeyId":399122327,"senderChainKey":{"iteration":17,"seed":"aV2VQKOBEQIzK948/cI+NPu1Zp+gJOb1MMSV4dcd55g="},"senderSigningKey":{"public":"BV9lMOJqy0UGeE7TP4tT8tuGDBEBibLjY5XqljHMmJJ3"},"senderMessageKeys":[]},{"senderKeyId":399122327,"senderChainKey":{"iteration":11,"seed":"JySCBh5nDs7bzLAA8LaDdbbfCRhzT8QVAEJzzwvCnao="},"senderSigningKey":{"public":"BV9lMOJqy0UGeE7TP4tT8tuGDBEBibLjY5XqljHMmJJ3"},"senderMessageKeys":[]}]