[{"senderKeyId":2044293282,"senderChainKey":{"iteration":20,"seed":"fVvhmqqNL09TpTjI9ynntwbDWTajhopuHErAmS12Txk="},"senderSigningKey":{"public":"BTdOusvgOMMUuqkMqdDkudc4dI/bi3aTalneO/M+tpIm"},"senderMessageKeys":[]},{"senderKeyId":2044293282,"senderChainKey":{"iteration":12,"seed":"xMZIrJHVM9iIKiejvLLcseo8DHriZU6ATfrST5Oc0Z0="},"senderSigningKey":{"public":"BTdOusvgOMMUuqkMqdDkudc4dI/bi3aTalneO/M+tpIm"},"senderMessageKeys":[]},{"senderKeyId":805009859,"senderChainKey":{"iteration":26,"seed":"0esIbSP9uMeemBstTc3wknlQl6dFTO6tQeEookJ7iJU="},"senderSigningKey":{"public":"BX0eV0zcU2eA6wYTEs2zTfYI5/HHMs43MqkhREbWWScS"},"senderMessageKeys":[]},{"senderKeyId":816841051,"senderChainKey":{"iteration":7,"seed":"BkCFliyoLTA62Tlzkdezj7WvesvhSp0SbWGsjkmeCrc="},"senderSigningKey":{"public":"Bcc8dkrqbv3y1qobA4vXhXeL21XcQyhM0+IqiO7zDKdp"},"senderMessageKeys":[]},{"senderKeyId":1281934404,"senderChainKey":{"iteration":29,"seed":"YhTp3pmtLwfpt5MKb+584HwpJL7B1njBR79ls2YNSxU="},"senderSigningKey":{"public":"BTU1ZgpsNqssZKqNQ/1foSeudknEX4KTvSwSrwswu4Aq"},"senderMessageKeys":[]},{"senderKeyId":212603248,"senderChainKey":{"iteration":121,"seed":"Ug458WTNWcHeONx5Qjqh2zGYaNsk1aIRl7dAnwfPn2Q="},"senderSigningKey":{"public":"BQ1o/Byqolr/e6F1ivg2Zm72aHQyXYJrfcY0UI158nAt"},"senderMessageKeys":[{},{}]}]