[{"senderKeyId":1956746221,"senderChainKey":{"iteration":17,"seed":"WCNS8Wk9z314LgeLD6j9Di1jB7bicY9RYX4mvojWzSA="},"senderSigningKey":{"public":"BTAS7mC9MXOoZP5/RyBPXV8Cg10SG4lDI3LcUHKck7hz"},"senderMessageKeys":[]},{"senderKeyId":1770977970,"senderChainKey":{"iteration":38,"seed":"esHbDVCmkP4gBsrRG5NV8RVFhVWYLpyn71nGRpbGYDE="},"senderSigningKey":{"public":"Ba0RYjLdfzoMmfsYGmlG9s4/qZ3B4U69arAAXQlEpyQT"},"senderMessageKeys":[]},{"senderKeyId":1671305822,"senderChainKey":{"iteration":1,"seed":"72mUdIXDiPkt18FypHE47c5r4ehSxTzBFgOrSdIuq0w="},"senderSigningKey":{"public":"BcE2p4UAzy1jl25HB+lzJMhdwcLmIAi2abwwzmZkAvJF"},"senderMessageKeys":[]},{"senderKeyId":344050276,"senderChainKey":{"iteration":7,"seed":"OHhbTkug7x6C5qHIkNagYQmOt17qqE89AqXyfTaDwYk="},"senderSigningKey":{"public":"BaSdLDTZFPl1l5sFYF6mCQqeLnQWvds7qopIJNpbxWJg"},"senderMessageKeys":[]}]