[{"senderKeyId":550173308,"senderChainKey":{"iteration":12,"seed":"3U7c5uoSR8uvFbGlOIDxYV0rEHzoURLIU/bcMxM0JX0="},"senderSigningKey":{"public":"BdDDqixDcddrmwvEO021HED2H2SWhu/EFbCz+XmJysk8"},"senderMessageKeys":[{}]},{"senderKeyId":550173308,"senderChainKey":{"iteration":2,"seed":"rtljyl2UmCun6e7iGpK3zbSC9PrqDNVndhZrs3C0hxk="},"senderSigningKey":{"public":"BdDDqixDcddrmwvEO021HED2H2SWhu/EFbCz+XmJysk8"},"senderMessageKeys":[]},{"senderKeyId":550173308,"senderChainKey":{"iteration":3,"seed":"0Jbbu62ZkCehcH1LXrQOmcIDo9jqFVGs2QKOVZcsZsM="},"senderSigningKey":{"public":"BdDDqixDcddrmwvEO021HED2H2SWhu/EFbCz+XmJysk8"},"senderMessageKeys":[]},{"senderKeyId":550173308,"senderChainKey":{"iteration":6,"seed":"a/DYsWQ95AqIh9ZAKIRyV3cpyLuIy3+8zpdb/Xwg7ZE="},"senderSigningKey":{"public":"BdDDqixDcddrmwvEO021HED2H2SWhu/EFbCz+XmJysk8"},"senderMessageKeys":[]}]