[{"senderKeyId":1551342446,"senderChainKey":{"iteration":35,"seed":"LveNXELwBCGCMfAlY+I6PfnoLvLS0kKY0hXBNh/WEOw="},"senderSigningKey":{"public":"BYQQLSuxo8VsbfAePXez5QL+tj5mNFxmZG7twYff6CRv"},"senderMessageKeys":[]},{"senderKeyId":615303422,"senderChainKey":{"iteration":9,"seed":"6ZVCN+0PmREMYkNvfwE/1cuo304daaICRpHi9LXHc8c="},"senderSigningKey":{"public":"BRQv6T+uEG5HKiVCE7cLxmNOqOypquLC+As+DfYZOh89"},"senderMessageKeys":[]},{"senderKeyId":2018995686,"senderChainKey":{"iteration":1,"seed":"RLnVGKD4s5X+QHfCskJe/+OtiYK+gAkbmOrA+wHAjh0="},"senderSigningKey":{"public":"Bek0NYdPkX6SYvaduPcREoxT0krLjnCv87tCZLbPd3ZY"},"senderMessageKeys":[]}]