[{"senderKeyId":344003607,"senderChainKey":{"iteration":23,"seed":"yog7xTTShouEz9+OWQZrjOsBXw5M/ZJYhb7twL0DmwY="},"senderSigningKey":{"public":"Bf3B9b6hztvE+qATsTNv1Mof6p3v7bGxGYYmg8rzMYMD"},"senderMessageKeys":[{},{},{}]},{"senderKeyId":344003607,"senderChainKey":{"iteration":4,"seed":"8wcQjgTipFlrGDiwykGjDZA8FuJq4BC3opvPKh35Uyw="},"senderSigningKey":{"public":"Bf3B9b6hztvE+qATsTNv1Mof6p3v7bGxGYYmg8rzMYMD"},"senderMessageKeys":[]},{"senderKeyId":344003607,"senderChainKey":{"iteration":22,"seed":"dQfHGG3URNfVzWnuT3LS04MY+AqINE0p1ADX+fO9iV0="},"senderSigningKey":{"public":"Bf3B9b6hztvE+qATsTNv1Mof6p3v7bGxGYYmg8rzMYMD"},"senderMessageKeys":[]}]