[{"senderKeyId":412436576,"senderChainKey":{"iteration":708,"seed":"406/6icTxMuk5esqcf4JSgKTghvJR36foRT+3zOHswA="},"senderSigningKey":{"public":"BQv+9Ofwt/6BstphT+UBjYoIh4CMJC/xMHNL3XOEqpxZ"},"senderMessageKeys":[{},{},{},{},{},{},{},{},{},{},{},{},{},{},{},{}]},{"senderKeyId":412436576,"senderChainKey":{"iteration":561,"seed":"RDa3vGT3FPeEA5FuYLDBRgATUNpCdImdE7zmEWp8fuw="},"senderSigningKey":{"public":"BQv+9Ofwt/6BstphT+UBjYoIh4CMJC/xMHNL3XOEqpxZ"},"senderMessageKeys":[]},{"senderKeyId":412436576,"senderChainKey":{"iteration":562,"seed":"5ZlfFUT0wm8U6Kh60qx838oCYmZS4Xg3pN7OfbDz3MY="},"senderSigningKey":{"public":"BQv+9Ofwt/6BstphT+UBjYoIh4CMJC/xMHNL3XOEqpxZ"},"senderMessageKeys":[]},{"senderKeyId":412436576,"senderChainKey":{"iteration":563,"seed":"UFpvdWdOeEGphU6TUcgKTDvLTNPfqJI9paF0bhg2BVg="},"senderSigningKey":{"public":"BQv+9Ofwt/6BstphT+UBjYoIh4CMJC/xMHNL3XOEqpxZ"},"senderMessageKeys":[]},{"senderKeyId":412436576,"senderChainKey":{"iteration":564,"seed":"8uaioL17iDx6xxO8F4/tiqoAJZkqX6Krr1lhLGeqWlg="},"senderSigningKey":{"public":"BQv+9Ofwt/6BstphT+UBjYoIh4CMJC/xMHNL3XOEqpxZ"},"senderMessageKeys":[]},{"senderKeyId":412436576,"senderChainKey":{"iteration":565,"seed":"K12nfg3pQbPKJAa+ibaewXNJhuvkz27hs6h0acmvMxo="},"senderSigningKey":{"public":"BQv+9Ofwt/6BstphT+UBjYoIh4CMJC/xMHNL3XOEqpxZ"},"senderMessageKeys":[]},{"senderKeyId":412436576,"senderChainKey":{"iteration":566,"seed":"O36IoRVQ4YIKeE3a15F6vXxdzAzAfMMiyBO4HIk38ME="},"senderSigningKey":{"public":"BQv+9Ofwt/6BstphT+UBjYoIh4CMJC/xMHNL3XOEqpxZ"},"senderMessageKeys":[]},{"senderKeyId":412436576,"senderChainKey":{"iteration":567,"seed":"nQcAYXNs5SRCLIvSO0zGP7fssmbzEcqS9OvvXIyu/is="},"senderSigningKey":{"public":"BQv+9Ofwt/6BstphT+UBjYoIh4CMJC/xMHNL3XOEqpxZ"},"senderMessageKeys":[]},{"senderKeyId":412436576,"senderChainKey":{"iteration":568,"seed":"04ZXmFSSz7UXSmPMCVoiDa+2nW4ILZZ7WkNTDUWJfyA="},"senderSigningKey":{"public":"BQv+9Ofwt/6BstphT+UBjYoIh4CMJC/xMHNL3XOEqpxZ"},"senderMessageKeys":[]},{"senderKeyId":412436576,"senderChainKey":{"iteration":569,"seed":"tiSyrIyzc5E5YqOD3Ug2Rm7uVWhQtdpTJ1015hWuny0="},"senderSigningKey":{"public":"BQv+9Ofwt/6BstphT+UBjYoIh4CMJC/xMHNL3XOEqpxZ"},"senderMessageKeys":[]},{"senderKeyId":412436576,"senderChainKey":{"iteration":570,"seed":"wFGnmA2qldofN40u6dPEg0JrgqssssHQ86SMsgv8OtM="},"senderSigningKey":{"public":"BQv+9Ofwt/6BstphT+UBjYoIh4CMJC/xMHNL3XOEqpxZ"},"senderMessageKeys":[]},{"senderKeyId":412436576,"senderChainKey":{"iteration":571,"seed":"w8U8rRxDwcAnhvGRqxWMR1as/1FdeHeZ+pT26jcTl7s="},"senderSigningKey":{"public":"BQv+9Ofwt/6BstphT+UBjYoIh4CMJC/xMHNL3XOEqpxZ"},"senderMessageKeys":[]},{"senderKeyId":412436576,"senderChainKey":{"iteration":572,"seed":"RX6XToPqDy5UEgdjb0YSiN3t20IS/fA4FMmKaXA0IK4="},"senderSigningKey":{"public":"BQv+9Ofwt/6BstphT+UBjYoIh4CMJC/xMHNL3XOEqpxZ"},"senderMessageKeys":[]},{"senderKeyId":412436576,"senderChainKey":{"iteration":573,"seed":"jKhicT2yNbnv+04jnl2vQyNnEZesH5dFHVu59TC2WN8="},"senderSigningKey":{"public":"BQv+9Ofwt/6BstphT+UBjYoIh4CMJC/xMHNL3XOEqpxZ"},"senderMessageKeys":[]},{"senderKeyId":412436576,"senderChainKey":{"iteration":574,"seed":"SdRMX+DHoesS0eFXSz4rJVpmU6BrK3+XNQllLm2Nnsc="},"senderSigningKey":{"public":"BQv+9Ofwt/6BstphT+UBjYoIh4CMJC/xMHNL3XOEqpxZ"},"senderMessageKeys":[]},{"senderKeyId":412436576,"senderChainKey":{"iteration":575,"seed":"oiVIMalX5UBfErPsPDx0IN5jvOMw5W4mlqAxAQuMtZ8="},"senderSigningKey":{"public":"BQv+9Ofwt/6BstphT+UBjYoIh4CMJC/xMHNL3XOEqpxZ"},"senderMessageKeys":[]},{"senderKeyId":412436576,"senderChainKey":{"iteration":576,"seed":"rCDpwsVlEu4PWo3opTDTYpCeUK9gPlQboDPYMj9VZ2c="},"senderSigningKey":{"public":"BQv+9Ofwt/6BstphT+UBjYoIh4CMJC/xMHNL3XOEqpxZ"},"senderMessageKeys":[]},{"senderKeyId":412436576,"senderChainKey":{"iteration":577,"seed":"jTcNjC9fv/0EcmkfIq3JHRpCZJ9FeUPmGMZbEpjH4tQ="},"senderSigningKey":{"public":"BQv+9Ofwt/6BstphT+UBjYoIh4CMJC/xMHNL3XOEqpxZ"},"senderMessageKeys":[]},{"senderKeyId":412436576,"senderChainKey":{"iteration":578,"seed":"Ur6L2PvzNkiN7ULasGLIWVBsVqCTUGKOEY+Dz7AQQzU="},"senderSigningKey":{"public":"BQv+9Ofwt/6BstphT+UBjYoIh4CMJC/xMHNL3XOEqpxZ"},"senderMessageKeys":[]},{"senderKeyId":412436576,"senderChainKey":{"iteration":579,"seed":"UBMsBhUQBFinkNsnK5tbKMbodG5wyEdTqSlOtDZM09Q="},"senderSigningKey":{"public":"BQv+9Ofwt/6BstphT+UBjYoIh4CMJC/xMHNL3XOEqpxZ"},"senderMessageKeys":[]},{"senderKeyId":412436576,"senderChainKey":{"iteration":580,"seed":"EB0gd5yvDa4VbbqLbY9TYI8SPWqXMw/hIrIgYZStxww="},"senderSigningKey":{"public":"BQv+9Ofwt/6BstphT+UBjYoIh4CMJC/xMHNL3XOEqpxZ"},"senderMessageKeys":[]},{"senderKeyId":412436576,"senderChainKey":{"iteration":581,"seed":"tiFd5HxLlN+9dwI5T19cVFL2LEFrYjLUWKUdEzoXbjo="},"senderSigningKey":{"public":"BQv+9Ofwt/6BstphT+UBjYoIh4CMJC/xMHNL3XOEqpxZ"},"senderMessageKeys":[]},{"senderKeyId":412436576,"senderChainKey":{"iteration":582,"seed":"GP6CsY+S3Pnwmw/49mUR4QZHkiu8xw7VJCUfAlazn+E="},"senderSigningKey":{"public":"BQv+9Ofwt/6BstphT+UBjYoIh4CMJC/xMHNL3XOEqpxZ"},"senderMessageKeys":[]},{"senderKeyId":412436576,"senderChainKey":{"iteration":583,"seed":"thFWMesugCQnbjjqJmmiwWtEs9U1nnUqiFKUN1Gty6w="},"senderSigningKey":{"public":"BQv+9Ofwt/6BstphT+UBjYoIh4CMJC/xMHNL3XOEqpxZ"},"senderMessageKeys":[]},{"senderKeyId":412436576,"senderChainKey":{"iteration":584,"seed":"Iy6siO+oAEQOKNUNo49RMoG/pJL3kamrAzlI54g3CJ4="},"senderSigningKey":{"public":"BQv+9Ofwt/6BstphT+UBjYoIh4CMJC/xMHNL3XOEqpxZ"},"senderMessageKeys":[]},{"senderKeyId":412436576,"senderChainKey":{"iteration":585,"seed":"qio08Ao7k8Bjco16aiUKZVxffMI3sS69aAqJRX3etFc="},"senderSigningKey":{"public":"BQv+9Ofwt/6BstphT+UBjYoIh4CMJC/xMHNL3XOEqpxZ"},"senderMessageKeys":[]},{"senderKeyId":412436576,"senderChainKey":{"iteration":586,"seed":"eE9ix1FoDQLsfbQNUrmvkIdg/h+Pn2LIg01ytWfy4WE="},"senderSigningKey":{"public":"BQv+9Ofwt/6BstphT+UBjYoIh4CMJC/xMHNL3XOEqpxZ"},"senderMessageKeys":[]},{"senderKeyId":412436576,"senderChainKey":{"iteration":587,"seed":"enV5nBTG36m0HZ0hTK2/rqrAXpFHlLmIJT/xyYqM40Q="},"senderSigningKey":{"public":"BQv+9Ofwt/6BstphT+UBjYoIh4CMJC/xMHNL3XOEqpxZ"},"senderMessageKeys":[]},{"senderKeyId":412436576,"senderChainKey":{"iteration":588,"seed":"V3lz6ZX1Wj7k3j95UK+R1RjJ8sPaxcz0tdHDQ6TvtaE="},"senderSigningKey":{"public":"BQv+9Ofwt/6BstphT+UBjYoIh4CMJC/xMHNL3XOEqpxZ"},"senderMessageKeys":[]},{"senderKeyId":412436576,"senderChainKey":{"iteration":589,"seed":"6dfAWtN9eolph51L+EqBgEeZKShk5oxpil602JHo+wg="},"senderSigningKey":{"public":"BQv+9Ofwt/6BstphT+UBjYoIh4CMJC/xMHNL3XOEqpxZ"},"senderMessageKeys":[]},{"senderKeyId":412436576,"senderChainKey":{"iteration":590,"seed":"xZqL0MfTd2HXsA1Qqy/Km9N70l6E8g8PLO0kVTToQLk="},"senderSigningKey":{"public":"BQv+9Ofwt/6BstphT+UBjYoIh4CMJC/xMHNL3XOEqpxZ"},"senderMessageKeys":[]},{"senderKeyId":412436576,"senderChainKey":{"iteration":591,"seed":"iEnE83bO5MyUpVyQ+MzfIA0cfATLSLtCJGyuLrgdz50="},"senderSigningKey":{"public":"BQv+9Ofwt/6BstphT+UBjYoIh4CMJC/xMHNL3XOEqpxZ"},"senderMessageKeys":[]},{"senderKeyId":412436576,"senderChainKey":{"iteration":592,"seed":"VxZI4it4362Wl630FH0heiup7fBFF/GcbjZMhWNdy4U="},"senderSigningKey":{"public":"BQv+9Ofwt/6BstphT+UBjYoIh4CMJC/xMHNL3XOEqpxZ"},"senderMessageKeys":[]},{"senderKeyId":412436576,"senderChainKey":{"iteration":593,"seed":"/0/JmWp+nu43A9sNTQGDv3zGntxf1y6thUtpDI+ikeQ="},"senderSigningKey":{"public":"BQv+9Ofwt/6BstphT+UBjYoIh4CMJC/xMHNL3XOEqpxZ"},"senderMessageKeys":[]},{"senderKeyId":412436576,"senderChainKey":{"iteration":594,"seed":"RA303gn27niPjPkkidLm2j1MVphr2/A/x62I197fw+Y="},"senderSigningKey":{"public":"BQv+9Ofwt/6BstphT+UBjYoIh4CMJC/xMHNL3XOEqpxZ"},"senderMessageKeys":[]},{"senderKeyId":412436576,"senderChainKey":{"iteration":595,"seed":"2DxeOuffByTggfro2PtbngviwMEOppZ6b6u0Rw8/gKs="},"senderSigningKey":{"public":"BQv+9Ofwt/6BstphT+UBjYoIh4CMJC/xMHNL3XOEqpxZ"},"senderMessageKeys":[]},{"senderKeyId":412436576,"senderChainKey":{"iteration":596,"seed":"AGCHgl9l6U3pRbGRE8zGmtncwmI8JDpch95U6Z3U1pM="},"senderSigningKey":{"public":"BQv+9Ofwt/6BstphT+UBjYoIh4CMJC/xMHNL3XOEqpxZ"},"senderMessageKeys":[]},{"senderKeyId":412436576,"senderChainKey":{"iteration":597,"seed":"I3Cn5z4K5+ad8KiHTbhwxTqh1ZIsEv6QeHxP9hw/llQ="},"senderSigningKey":{"public":"BQv+9Ofwt/6BstphT+UBjYoIh4CMJC/xMHNL3XOEqpxZ"},"senderMessageKeys":[]},{"senderKeyId":412436576,"senderChainKey":{"iteration":598,"seed":"ujOFqCVd5Vg2VBG9n8f+shJTSwPzUps5/UQsc7yxViA="},"senderSigningKey":{"public":"BQv+9Ofwt/6BstphT+UBjYoIh4CMJC/xMHNL3XOEqpxZ"},"senderMessageKeys":[]},{"senderKeyId":412436576,"senderChainKey":{"iteration":599,"seed":"lD+mxgpNoqIb/MNniQTzg6Q4U7qrdXVnLSi+az/qITc="},"senderSigningKey":{"public":"BQv+9Ofwt/6BstphT+UBjYoIh4CMJC/xMHNL3XOEqpxZ"},"senderMessageKeys":[]},{"senderKeyId":412436576,"senderChainKey":{"iteration":600,"seed":"e5TC1fTZY0dU/huMGvVKf9sqBMANtwXUGx536jpRryI="},"senderSigningKey":{"public":"BQv+9Ofwt/6BstphT+UBjYoIh4CMJC/xMHNL3XOEqpxZ"},"senderMessageKeys":[]},{"senderKeyId":412436576,"senderChainKey":{"iteration":601,"seed":"JwibH4g9q9XlXPQPtFaGuztlpmfhuqvkbnaDlVdtt0o="},"senderSigningKey":{"public":"BQv+9Ofwt/6BstphT+UBjYoIh4CMJC/xMHNL3XOEqpxZ"},"senderMessageKeys":[]},{"senderKeyId":412436576,"senderChainKey":{"iteration":602,"seed":"nBNeiyap12AhU9vMngH35b9jjpe98srp/el42NRRTsc="},"senderSigningKey":{"public":"BQv+9Ofwt/6BstphT+UBjYoIh4CMJC/xMHNL3XOEqpxZ"},"senderMessageKeys":[]},{"senderKeyId":412436576,"senderChainKey":{"iteration":603,"seed":"omsgWbVq8zNTCulwk1vJs4ZiqwyvIrou0yJQCtadJwM="},"senderSigningKey":{"public":"BQv+9Ofwt/6BstphT+UBjYoIh4CMJC/xMHNL3XOEqpxZ"},"senderMessageKeys":[]},{"senderKeyId":412436576,"senderChainKey":{"iteration":604,"seed":"r7uQ+Obwp152B4FCvT2/wqYFWw6SSg7fz6OLxxZcWqA="},"senderSigningKey":{"public":"BQv+9Ofwt/6BstphT+UBjYoIh4CMJC/xMHNL3XOEqpxZ"},"senderMessageKeys":[]},{"senderKeyId":412436576,"senderChainKey":{"iteration":605,"seed":"nyluA10BLL/bURaNp5OT1Pcub2kr+r1VQj+RNkj2BIA="},"senderSigningKey":{"public":"BQv+9Ofwt/6BstphT+UBjYoIh4CMJC/xMHNL3XOEqpxZ"},"senderMessageKeys":[]},{"senderKeyId":412436576,"senderChainKey":{"iteration":606,"seed":"m7fqRy2CBJUvmBzioM9O4YhDJQPq07q/T3mVGIXqoEI="},"senderSigningKey":{"public":"BQv+9Ofwt/6BstphT+UBjYoIh4CMJC/xMHNL3XOEqpxZ"},"senderMessageKeys":[]},{"senderKeyId":412436576,"senderChainKey":{"iteration":607,"seed":"xl8+wHkQyZffWOsMen/XUph6Yt2D7XnTR58vo1SeKG4="},"senderSigningKey":{"public":"BQv+9Ofwt/6BstphT+UBjYoIh4CMJC/xMHNL3XOEqpxZ"},"senderMessageKeys":[]},{"senderKeyId":412436576,"senderChainKey":{"iteration":608,"seed":"Raa2sZf4OhwLvwpZqNA9bijfYGMZqjFxXLR79T5nEcY="},"senderSigningKey":{"public":"BQv+9Ofwt/6BstphT+UBjYoIh4CMJC/xMHNL3XOEqpxZ"},"senderMessageKeys":[]},{"senderKeyId":412436576,"senderChainKey":{"iteration":609,"seed":"4zQQzWIH5ZrzV4oSluCBfcvvA5I59zLr3svuCp5XaU0="},"senderSigningKey":{"public":"BQv+9Ofwt/6BstphT+UBjYoIh4CMJC/xMHNL3XOEqpxZ"},"senderMessageKeys":[]},{"senderKeyId":412436576,"senderChainKey":{"iteration":610,"seed":"oY9jsul58K6BbpKSbUjZyjMb6kIXYHCN767T1GkzjlI="},"senderSigningKey":{"public":"BQv+9Ofwt/6BstphT+UBjYoIh4CMJC/xMHNL3XOEqpxZ"},"senderMessageKeys":[]},{"senderKeyId":412436576,"senderChainKey":{"iteration":611,"seed":"CbE/BOfSqy6dp54RhH8SxeQHLV1quw0ZruI9CN4JUWs="},"senderSigningKey":{"public":"BQv+9Ofwt/6BstphT+UBjYoIh4CMJC/xMHNL3XOEqpxZ"},"senderMessageKeys":[]},{"senderKeyId":412436576,"senderChainKey":{"iteration":612,"seed":"O4uZio64mffdmVRoU+sZp/VFCD6qBIvE1A0lHuN6MLw="},"senderSigningKey":{"public":"BQv+9Ofwt/6BstphT+UBjYoIh4CMJC/xMHNL3XOEqpxZ"},"senderMessageKeys":[]},{"senderKeyId":412436576,"senderChainKey":{"iteration":613,"seed":"OuNGIwifgmjsfNa1MCZjxmoDhr1925pT7nB9kF+nl4g="},"senderSigningKey":{"public":"BQv+9Ofwt/6BstphT+UBjYoIh4CMJC/xMHNL3XOEqpxZ"},"senderMessageKeys":[]},{"senderKeyId":412436576,"senderChainKey":{"iteration":614,"seed":"fO1ZL5AhNZ8WecNQq9uEvm5b3XhVmtebEfuKPKXSR/M="},"senderSigningKey":{"public":"BQv+9Ofwt/6BstphT+UBjYoIh4CMJC/xMHNL3XOEqpxZ"},"senderMessageKeys":[]},{"senderKeyId":412436576,"senderChainKey":{"iteration":615,"seed":"HOH5HevO96UA/qvON/DUvL0Fot+vGHe8Am6gi/9MXpw="},"senderSigningKey":{"public":"BQv+9Ofwt/6BstphT+UBjYoIh4CMJC/xMHNL3XOEqpxZ"},"senderMessageKeys":[]},{"senderKeyId":412436576,"senderChainKey":{"iteration":616,"seed":"HOkwvvsNjyDRUFeeXlhdUP0ENyOchiuSPQUI2x/JXAU="},"senderSigningKey":{"public":"BQv+9Ofwt/6BstphT+UBjYoIh4CMJC/xMHNL3XOEqpxZ"},"senderMessageKeys":[]},{"senderKeyId":412436576,"senderChainKey":{"iteration":617,"seed":"q6PlS6FvHwgNzmW5zV+FIHcIygiPIuydkMUFDWobkRs="},"senderSigningKey":{"public":"BQv+9Ofwt/6BstphT+UBjYoIh4CMJC/xMHNL3XOEqpxZ"},"senderMessageKeys":[]},{"senderKeyId":412436576,"senderChainKey":{"iteration":618,"seed":"cyxF3gorfiIBIJDhe3knLuw9B/Av0hr06WRKH8k3fKA="},"senderSigningKey":{"public":"BQv+9Ofwt/6BstphT+UBjYoIh4CMJC/xMHNL3XOEqpxZ"},"senderMessageKeys":[]},{"senderKeyId":412436576,"senderChainKey":{"iteration":619,"seed":"3KwejKz051XR6m0dPiI1YbqhnngJmodImto9QFrcXj8="},"senderSigningKey":{"public":"BQv+9Ofwt/6BstphT+UBjYoIh4CMJC/xMHNL3XOEqpxZ"},"senderMessageKeys":[]},{"senderKeyId":412436576,"senderChainKey":{"iteration":620,"seed":"rX2rP/lpcj2QQS9G8np1m474axxQNBvPs99aqGK5EBg="},"senderSigningKey":{"public":"BQv+9Ofwt/6BstphT+UBjYoIh4CMJC/xMHNL3XOEqpxZ"},"senderMessageKeys":[]},{"senderKeyId":412436576,"senderChainKey":{"iteration":621,"seed":"b/+XY7sfZVK67GQm7ZvwXTM8kdeFKGOyyF81KG1R7bk="},"senderSigningKey":{"public":"BQv+9Ofwt/6BstphT+UBjYoIh4CMJC/xMHNL3XOEqpxZ"},"senderMessageKeys":[]},{"senderKeyId":412436576,"senderChainKey":{"iteration":622,"seed":"2ulJl0W+HR8KbCJTMkeX2A2R1M3urjKaZF22360g7QQ="},"senderSigningKey":{"public":"BQv+9Ofwt/6BstphT+UBjYoIh4CMJC/xMHNL3XOEqpxZ"},"senderMessageKeys":[]},{"senderKeyId":412436576,"senderChainKey":{"iteration":623,"seed":"JEuRCjFhwJ8PiNEDO1+eHI3Ycq9HMd0ueBxaoyojcRk="},"senderSigningKey":{"public":"BQv+9Ofwt/6BstphT+UBjYoIh4CMJC/xMHNL3XOEqpxZ"},"senderMessageKeys":[]},{"senderKeyId":412436576,"senderChainKey":{"iteration":624,"seed":"brByemKf7i0IH8h3E6YiqO2Vr/mW2zpNkdiNjsqfhIM="},"senderSigningKey":{"public":"BQv+9Ofwt/6BstphT+UBjYoIh4CMJC/xMHNL3XOEqpxZ"},"senderMessageKeys":[]},{"senderKeyId":412436576,"senderChainKey":{"iteration":625,"seed":"aAeiKvs8tGvWOgc7xR+cJ5U0R83WB6FPZodoeJXntWk="},"senderSigningKey":{"public":"BQv+9Ofwt/6BstphT+UBjYoIh4CMJC/xMHNL3XOEqpxZ"},"senderMessageKeys":[]},{"senderKeyId":412436576,"senderChainKey":{"iteration":626,"seed":"DQf8NP2KkKjvRaF60mdGrSUsElHmDnqzjZCl9cZUtco="},"senderSigningKey":{"public":"BQv+9Ofwt/6BstphT+UBjYoIh4CMJC/xMHNL3XOEqpxZ"},"senderMessageKeys":[]},{"senderKeyId":412436576,"senderChainKey":{"iteration":627,"seed":"mFpYtIeCRsVl9l40eaGYXpaGpaxeiR5DuzLf4tTjdOY="},"senderSigningKey":{"public":"BQv+9Ofwt/6BstphT+UBjYoIh4CMJC/xMHNL3XOEqpxZ"},"senderMessageKeys":[]},{"senderKeyId":412436576,"senderChainKey":{"iteration":628,"seed":"8Vm6lK4Tg2Su+FNx4pMCiKtynZ3Lz6ZttG0II8YWkOE="},"senderSigningKey":{"public":"BQv+9Ofwt/6BstphT+UBjYoIh4CMJC/xMHNL3XOEqpxZ"},"senderMessageKeys":[]},{"senderKeyId":412436576,"senderChainKey":{"iteration":629,"seed":"SjI6aKwdMdwtQ4Z3fJR/1YqTqrfDXasddFq4jjvgBlg="},"senderSigningKey":{"public":"BQv+9Ofwt/6BstphT+UBjYoIh4CMJC/xMHNL3XOEqpxZ"},"senderMessageKeys":[]},{"senderKeyId":412436576,"senderChainKey":{"iteration":630,"seed":"9c1iDofIhJVZwsi/4y+exJcWxPkSUom2OAsjHqiLnvI="},"senderSigningKey":{"public":"BQv+9Ofwt/6BstphT+UBjYoIh4CMJC/xMHNL3XOEqpxZ"},"senderMessageKeys":[]},{"senderKeyId":412436576,"senderChainKey":{"iteration":631,"seed":"XSkUewiVdX9II4CTAg2Ctz/7jeO0vN/ivVpPUN0PX2s="},"senderSigningKey":{"public":"BQv+9Ofwt/6BstphT+UBjYoIh4CMJC/xMHNL3XOEqpxZ"},"senderMessageKeys":[]},{"senderKeyId":412436576,"senderChainKey":{"iteration":632,"seed":"RouK6h2WEMH6nBrHLX3LGA2/4ddFGtKGtyGikWM5FvM="},"senderSigningKey":{"public":"BQv+9Ofwt/6BstphT+UBjYoIh4CMJC/xMHNL3XOEqpxZ"},"senderMessageKeys":[]},{"senderKeyId":412436576,"senderChainKey":{"iteration":633,"seed":"Sfby03rlgAg07ZqyrkZAeY6h7XpW7mcIFu4eL7RfpAw="},"senderSigningKey":{"public":"BQv+9Ofwt/6BstphT+UBjYoIh4CMJC/xMHNL3XOEqpxZ"},"senderMessageKeys":[]},{"senderKeyId":412436576,"senderChainKey":{"iteration":634,"seed":"8t7agX1KFtqJKA68SkzO2boUBXTERv5jnocKt5A6Idk="},"senderSigningKey":{"public":"BQv+9Ofwt/6BstphT+UBjYoIh4CMJC/xMHNL3XOEqpxZ"},"senderMessageKeys":[]},{"senderKeyId":412436576,"senderChainKey":{"iteration":635,"seed":"Ejv9+cVkTVFqr9Exaj2tkdjr6/wYo93PwpK4Xbiwz0o="},"senderSigningKey":{"public":"BQv+9Ofwt/6BstphT+UBjYoIh4CMJC/xMHNL3XOEqpxZ"},"senderMessageKeys":[]},{"senderKeyId":412436576,"senderChainKey":{"iteration":636,"seed":"Vis9KahMOHyAW56UpRA+d2f+d5Qjl8Ul/ldixHn13js="},"senderSigningKey":{"public":"BQv+9Ofwt/6BstphT+UBjYoIh4CMJC/xMHNL3XOEqpxZ"},"senderMessageKeys":[]},{"senderKeyId":412436576,"senderChainKey":{"iteration":637,"seed":"mNBqLsTlXz6+T2vf6u2tuFIoW0ijN5HhKoVHec2eW2c="},"senderSigningKey":{"public":"BQv+9Ofwt/6BstphT+UBjYoIh4CMJC/xMHNL3XOEqpxZ"},"senderMessageKeys":[]},{"senderKeyId":412436576,"senderChainKey":{"iteration":638,"seed":"DZ2TM2l2YvUNkOrfMCBI4GL9LpunQzvOSEiJ68hEUVs="},"senderSigningKey":{"public":"BQv+9Ofwt/6BstphT+UBjYoIh4CMJC/xMHNL3XOEqpxZ"},"senderMessageKeys":[]},{"senderKeyId":412436576,"senderChainKey":{"iteration":639,"seed":"KDtSwtlkvfqWqgshbCtBeqg2V1PI9ZQZI0NnbGjnBQM="},"senderSigningKey":{"public":"BQv+9Ofwt/6BstphT+UBjYoIh4CMJC/xMHNL3XOEqpxZ"},"senderMessageKeys":[]},{"senderKeyId":412436576,"senderChainKey":{"iteration":640,"seed":"88hy4OJ0yNf54tJq1dD6dtllMccjVNskWzgnRqlSwxY="},"senderSigningKey":{"public":"BQv+9Ofwt/6BstphT+UBjYoIh4CMJC/xMHNL3XOEqpxZ"},"senderMessageKeys":[]},{"senderKeyId":412436576,"senderChainKey":{"iteration":641,"seed":"aCTKxHKaOgPlam4ffM1UWki32A4JXKnsRS0GQhte7+g="},"senderSigningKey":{"public":"BQv+9Ofwt/6BstphT+UBjYoIh4CMJC/xMHNL3XOEqpxZ"},"senderMessageKeys":[]},{"senderKeyId":412436576,"senderChainKey":{"iteration":642,"seed":"jqg2QrQK2DGkTFa8pAN9tP3sdj/ts164ndJmjNaEFTU="},"senderSigningKey":{"public":"BQv+9Ofwt/6BstphT+UBjYoIh4CMJC/xMHNL3XOEqpxZ"},"senderMessageKeys":[]},{"senderKeyId":412436576,"senderChainKey":{"iteration":643,"seed":"Mfes1o7q3hFn4ZqbwEUW474nBDEoYXjtljAKfBcgyNw="},"senderSigningKey":{"public":"BQv+9Ofwt/6BstphT+UBjYoIh4CMJC/xMHNL3XOEqpxZ"},"senderMessageKeys":[]},{"senderKeyId":412436576,"senderChainKey":{"iteration":644,"seed":"ua5oI6vgAoSR/KRhWsk4fL0t048wP69bXO1COGyrW3A="},"senderSigningKey":{"public":"BQv+9Ofwt/6BstphT+UBjYoIh4CMJC/xMHNL3XOEqpxZ"},"senderMessageKeys":[]},{"senderKeyId":412436576,"senderChainKey":{"iteration":645,"seed":"DFWtFyWQHf6D+AbC8ZEGWiCHixH3ZDpd21QFGMIbSgk="},"senderSigningKey":{"public":"BQv+9Ofwt/6BstphT+UBjYoIh4CMJC/xMHNL3XOEqpxZ"},"senderMessageKeys":[]},{"senderKeyId":412436576,"senderChainKey":{"iteration":646,"seed":"vwfeHQdKjX/x28PC1WqNFPKYP3vlTR7OKgVSeqrtOUg="},"senderSigningKey":{"public":"BQv+9Ofwt/6BstphT+UBjYoIh4CMJC/xMHNL3XOEqpxZ"},"senderMessageKeys":[]},{"senderKeyId":412436576,"senderChainKey":{"iteration":647,"seed":"s38T5VzOg7PIMVhJHb/DlnBs8GaIMldQVNMo78IJibI="},"senderSigningKey":{"public":"BQv+9Ofwt/6BstphT+UBjYoIh4CMJC/xMHNL3XOEqpxZ"},"senderMessageKeys":[]},{"senderKeyId":412436576,"senderChainKey":{"iteration":648,"seed":"6JC7cOLK0pJ7If6IOBt1gRmJUxwguRsuNZm3ZsjJXg4="},"senderSigningKey":{"public":"BQv+9Ofwt/6BstphT+UBjYoIh4CMJC/xMHNL3XOEqpxZ"},"senderMessageKeys":[]},{"senderKeyId":412436576,"senderChainKey":{"iteration":649,"seed":"Gybft4x+JDquLFHOwhfOQtZBgw74rpa1l9Oj3RMCYtA="},"senderSigningKey":{"public":"BQv+9Ofwt/6BstphT+UBjYoIh4CMJC/xMHNL3XOEqpxZ"},"senderMessageKeys":[]},{"senderKeyId":412436576,"senderChainKey":{"iteration":650,"seed":"NJCd6nY1IlfVDRyyWAsuIP2uKU64MSYpNTo7BYF6Dws="},"senderSigningKey":{"public":"BQv+9Ofwt/6BstphT+UBjYoIh4CMJC/xMHNL3XOEqpxZ"},"senderMessageKeys":[]},{"senderKeyId":412436576,"senderChainKey":{"iteration":651,"seed":"BbCQI1/kISXkgdO1AZ20lRU29OpACYuXJCIq3WD+NY4="},"senderSigningKey":{"public":"BQv+9Ofwt/6BstphT+UBjYoIh4CMJC/xMHNL3XOEqpxZ"},"senderMessageKeys":[]},{"senderKeyId":412436576,"senderChainKey":{"iteration":652,"seed":"n9VauYnz6YCWjEZfpiR0FdjqTQdQZt5gpYVaa8CGzA0="},"senderSigningKey":{"public":"BQv+9Ofwt/6BstphT+UBjYoIh4CMJC/xMHNL3XOEqpxZ"},"senderMessageKeys":[]},{"senderKeyId":412436576,"senderChainKey":{"iteration":653,"seed":"vGKRVPn3M5R1DpTsuLbwK8CIGAntKhVSEFh6tFRhYx4="},"senderSigningKey":{"public":"BQv+9Ofwt/6BstphT+UBjYoIh4CMJC/xMHNL3XOEqpxZ"},"senderMessageKeys":[]},{"senderKeyId":412436576,"senderChainKey":{"iteration":654,"seed":"b67kWCR2/9Y9ISGn5co4sRNPECfG+JfJvEcwQ9rXDKs="},"senderSigningKey":{"public":"BQv+9Ofwt/6BstphT+UBjYoIh4CMJC/xMHNL3XOEqpxZ"},"senderMessageKeys":[]},{"senderKeyId":412436576,"senderChainKey":{"iteration":655,"seed":"LMNSyPiL8tv3mfNU1dPgNxfomLlCYP0UkvTaljaG5Fg="},"senderSigningKey":{"public":"BQv+9Ofwt/6BstphT+UBjYoIh4CMJC/xMHNL3XOEqpxZ"},"senderMessageKeys":[]},{"senderKeyId":412436576,"senderChainKey":{"iteration":656,"seed":"AIz5MnNu7Cz6wpTdLVKEBXFtsn27DM+pI8y2FDAzs6U="},"senderSigningKey":{"public":"BQv+9Ofwt/6BstphT+UBjYoIh4CMJC/xMHNL3XOEqpxZ"},"senderMessageKeys":[]},{"senderKeyId":412436576,"senderChainKey":{"iteration":658,"seed":"OTgF4Pca0zQspM4FB935PnQ676w5d9jPW68rVAv2Yu8="},"senderSigningKey":{"public":"BQv+9Ofwt/6BstphT+UBjYoIh4CMJC/xMHNL3XOEqpxZ"},"senderMessageKeys":[]},{"senderKeyId":412436576,"senderChainKey":{"iteration":659,"seed":"QxccO0JiwdzGU3FWZFWcrnv3LxFxvQUsE2NN6ZsWaPw="},"senderSigningKey":{"public":"BQv+9Ofwt/6BstphT+UBjYoIh4CMJC/xMHNL3XOEqpxZ"},"senderMessageKeys":[]},{"senderKeyId":412436576,"senderChainKey":{"iteration":660,"seed":"rlODkdMKEWSxYjoX+pkW745/Z4N38QT4VZn6B3Ck+dw="},"senderSigningKey":{"public":"BQv+9Ofwt/6BstphT+UBjYoIh4CMJC/xMHNL3XOEqpxZ"},"senderMessageKeys":[]},{"senderKeyId":412436576,"senderChainKey":{"iteration":661,"seed":"sAIrgUJaVorzn9CgwaNn2uLsmESwENG60dpOxatKHZw="},"senderSigningKey":{"public":"BQv+9Ofwt/6BstphT+UBjYoIh4CMJC/xMHNL3XOEqpxZ"},"senderMessageKeys":[]},{"senderKeyId":412436576,"senderChainKey":{"iteration":662,"seed":"mUFFiI+pRTKPrhLf1GNMV7EqTz+TxjJIBmrkDhhAZLg="},"senderSigningKey":{"public":"BQv+9Ofwt/6BstphT+UBjYoIh4CMJC/xMHNL3XOEqpxZ"},"senderMessageKeys":[]},{"senderKeyId":412436576,"senderChainKey":{"iteration":663,"seed":"Xni7FCWOng4ECE48PtWrsotbq41p8TccdZzM5mngarw="},"senderSigningKey":{"public":"BQv+9Ofwt/6BstphT+UBjYoIh4CMJC/xMHNL3XOEqpxZ"},"senderMessageKeys":[]},{"senderKeyId":412436576,"senderChainKey":{"iteration":664,"seed":"MNDrYER8SsX2X6GoDz8oKS7C7lTlcJ45OmQlfXeI3PE="},"senderSigningKey":{"public":"BQv+9Ofwt/6BstphT+UBjYoIh4CMJC/xMHNL3XOEqpxZ"},"senderMessageKeys":[]},{"senderKeyId":412436576,"senderChainKey":{"iteration":665,"seed":"wIcRTqKGGwLhjfub8xhahNXisybhjJPY9owRc9bEf9s="},"senderSigningKey":{"public":"BQv+9Ofwt/6BstphT+UBjYoIh4CMJC/xMHNL3XOEqpxZ"},"senderMessageKeys":[]},{"senderKeyId":412436576,"senderChainKey":{"iteration":674,"seed":"Lq12mzi/CeQo+xqPcIrVlB4u35tBstQcikal6FOdJ+Y="},"senderSigningKey":{"public":"BQv+9Ofwt/6BstphT+UBjYoIh4CMJC/xMHNL3XOEqpxZ"},"senderMessageKeys":[]},{"senderKeyId":412436576,"senderChainKey":{"iteration":675,"seed":"Cn3Vk1XFeq6E5mOAc6xQ53VSs16YBdryA0WBCtSkzlE="},"senderSigningKey":{"public":"BQv+9Ofwt/6BstphT+UBjYoIh4CMJC/xMHNL3XOEqpxZ"},"senderMessageKeys":[]},{"senderKeyId":412436576,"senderChainKey":{"iteration":676,"seed":"Gr/S3cARHVG4inpRQqBAceN4dvSPa3dGeUfOP4OysMU="},"senderSigningKey":{"public":"BQv+9Ofwt/6BstphT+UBjYoIh4CMJC/xMHNL3XOEqpxZ"},"senderMessageKeys":[]},{"senderKeyId":412436576,"senderChainKey":{"iteration":677,"seed":"N5idyJRtvFcbIJ/ADjs8wwBcbbqfUZ+87169AEbyRx8="},"senderSigningKey":{"public":"BQv+9Ofwt/6BstphT+UBjYoIh4CMJC/xMHNL3XOEqpxZ"},"senderMessageKeys":[]},{"senderKeyId":412436576,"senderChainKey":{"iteration":678,"seed":"pa6m4mMm/9fhHhkCG3Lv8wyeAtLI1/S7lcAAT9aJc/U="},"senderSigningKey":{"public":"BQv+9Ofwt/6BstphT+UBjYoIh4CMJC/xMHNL3XOEqpxZ"},"senderMessageKeys":[]},{"senderKeyId":412436576,"senderChainKey":{"iteration":679,"seed":"EKs0Zm8NwEokGkXxXGdqEbLU6KcSVlqBTjQHIztYd4o="},"senderSigningKey":{"public":"BQv+9Ofwt/6BstphT+UBjYoIh4CMJC/xMHNL3XOEqpxZ"},"senderMessageKeys":[]},{"senderKeyId":412436576,"senderChainKey":{"iteration":680,"seed":"d5O2A8PrMYXyetS1qXA8W2bRA/vglHwK06UVbBlAE9M="},"senderSigningKey":{"public":"BQv+9Ofwt/6BstphT+UBjYoIh4CMJC/xMHNL3XOEqpxZ"},"senderMessageKeys":[]},{"senderKeyId":412436576,"senderChainKey":{"iteration":681,"seed":"dP8sbG4Rp6/qDoi4jSbnMFMCVnLdrfgLX7POcRvdBgI="},"senderSigningKey":{"public":"BQv+9Ofwt/6BstphT+UBjYoIh4CMJC/xMHNL3XOEqpxZ"},"senderMessageKeys":[]},{"senderKeyId":412436576,"senderChainKey":{"iteration":684,"seed":"aprqgJMpYqez2ieveB/H7VqejM1GD4EQQogSN/tq5EA="},"senderSigningKey":{"public":"BQv+9Ofwt/6BstphT+UBjYoIh4CMJC/xMHNL3XOEqpxZ"},"senderMessageKeys":[]},{"senderKeyId":412436576,"senderChainKey":{"iteration":687,"seed":"2CC7DF0OtX3qONkX5Ta7v9aBmVxvSMm2SCKvHxF2zs4="},"senderSigningKey":{"public":"BQv+9Ofwt/6BstphT+UBjYoIh4CMJC/xMHNL3XOEqpxZ"},"senderMessageKeys":[]},{"senderKeyId":412436576,"senderChainKey":{"iteration":691,"seed":"ARdH3t4EVSIyexOpckyEQ7a8SIfERD1QRisaUs98/wo="},"senderSigningKey":{"public":"BQv+9Ofwt/6BstphT+UBjYoIh4CMJC/xMHNL3XOEqpxZ"},"senderMessageKeys":[]},{"senderKeyId":412436576,"senderChainKey":{"iteration":697,"seed":"JMsTRagZY7NBPDYKiAmdwy7c2bc7dpSc4ZU+u20jQyc="},"senderSigningKey":{"public":"BQv+9Ofwt/6BstphT+UBjYoIh4CMJC/xMHNL3XOEqpxZ"},"senderMessageKeys":[]},{"senderKeyId":412436576,"senderChainKey":{"iteration":704,"seed":"GPcQmIIfZzeiSx0DutxZNu0x6sVTrxWLSA0yHnV3kHk="},"senderSigningKey":{"public":"BQv+9Ofwt/6BstphT+UBjYoIh4CMJC/xMHNL3XOEqpxZ"},"senderMessageKeys":[]},{"senderKeyId":412436576,"senderChainKey":{"iteration":706,"seed":"rXxU6NjW3CW6JZWxXfnCnMhNei3rxcft4D+w6Xrm04c="},"senderSigningKey":{"public":"BQv+9Ofwt/6BstphT+UBjYoIh4CMJC/xMHNL3XOEqpxZ"},"senderMessageKeys":[]}]