[{"senderKeyId":690555212,"senderChainKey":{"iteration":9,"seed":"ebQQ7BITqEx3ienNedAhqYxQEpK0g8HIoC+jdeLyxuk="},"senderSigningKey":{"public":"BY3K0bSD8Kf6o5E+mJIDMRlmiJ+jEXAf9phJwv+2gX4o"},"senderMessageKeys":[]},{"senderKeyId":1032412890,"senderChainKey":{"iteration":2,"seed":"1E6NzRy4yKOBM5rbiXKM2SZAGECnkXJBZQtEEUyhckE="},"senderSigningKey":{"public":"BWZ+h1YL0mdsolj49yUNbt0YCTCs+IY3WnxET3h4/nEB"},"senderMessageKeys":[]},{"senderKeyId":1963674931,"senderChainKey":{"iteration":1,"seed":"NssEmQOZE5OIqih7SUBGdx6zcg5cntWB47gaQpFeXhw="},"senderSigningKey":{"public":"BTKkYVa7ivE37cX1mzascJ1gPOlex/oCzAsebU9RPJ5L"},"senderMessageKeys":[]}]