[{"senderKeyId":1503666658,"senderChainKey":{"iteration":3,"seed":"+4u5/GF2R8zfwJVi2AMDaO0Lf3ckCwCIH+fx6/bPydk="},"senderSigningKey":{"public":"BTxNs7YTq8+uxwzUAce6tpDBbhABHTIy2us8ak59ucFl"},"senderMessageKeys":[]},{"senderKeyId":1321134192,"senderChainKey":{"iteration":1,"seed":"HEEkjmdbzMsLh7Zi0NDPJ5VYlzp4Eu956DM3Dkx1WuA="},"senderSigningKey":{"public":"Ba2p/nV8RjR2Rdiao/Fabz6MLPmbBTYMEIL0RTVe5+tW"},"senderMessageKeys":[]},{"senderKeyId":2058938534,"senderChainKey":{"iteration":1,"seed":"/wNZFx5fcPfRnTA9VWxw3KkZJSrQI+hvnJpiqt8QeDA="},"senderSigningKey":{"public":"BX4NY5XvAsO+EAEKAfm/FqCACuRWlNZlbXakUjDRE0ht"},"senderMessageKeys":[]},{"senderKeyId":133718665,"senderChainKey":{"iteration":8,"seed":"5b/RxONO19zcxY0G3mN8YXjqVIidH5s6DcJwjbmAKbY="},"senderSigningKey":{"public":"BaQZaJYh4kS5a7Sop+ZEBKGAYxLotSV/PrKogzIzzyhv"},"senderMessageKeys":[]},{"senderKeyId":1428424018,"senderChainKey":{"iteration":4,"seed":"Ack4aIIL6+ALo0Svy7LfdIB54fA86NgjMqmi2WGNHMs="},"senderSigningKey":{"public":"Bekp9WAr9W3jd6ReOyWkK+TXDUb7c5QO1PYDdrPDyl8F"},"senderMessageKeys":[]}]