[{"senderKeyId":1562312861,"senderChainKey":{"iteration":54,"seed":"zjDGcpBcUj73H3dHhW7fJjUtwidJrs1Fm+d25BufqYc="},"senderSigningKey":{"public":"BX91ykJ9l2f2gMVojMQiTvK1hEgLdaVlFFUNgtYoXr4W"},"senderMessageKeys":[{},{},{},{},{},{},{},{},{},{},{},{},{},{},{},{},{},{},{},{},{},{},{},{},{},{},{},{},{},{},{},{},{},{},{},{},{},{},{},{}]},{"senderKeyId":2043585999,"senderChainKey":{"iteration":3,"seed":"TD2WJ7oRhFI82/Fh/fVDi9CHyNJLwtWfmJEhjtvY2S0="},"senderSigningKey":{"public":"BQWfaIFGTBlS+hKXZCm6qL+R9gq7UJpWhjVf5krO24In"},"senderMessageKeys":[]}]