[{"senderKeyId":1589489934,"senderChainKey":{"iteration":263,"seed":"RY8OK5+7K55wsQmmwT4JY+4qGAYFsdvkdBknq7xF2uM="},"senderSigningKey":{"public":"Ba+jXhO/ytcTYsuV7xDoJqdOZbBGbPifyBCnWlYxcNBm"},"senderMessageKeys":[{},{},{},{},{},{},{},{},{},{},{},{},{},{},{},{},{},{},{},{},{},{},{},{},{},{},{},{},{},{},{}]},{"senderKeyId":1589489934,"senderChainKey":{"iteration":158,"seed":"kh0tp7l4LLWYvqzSe860k5HK2ePrYfOAq7emMOCLqqI="},"senderSigningKey":{"public":"Ba+jXhO/ytcTYsuV7xDoJqdOZbBGbPifyBCnWlYxcNBm"},"senderMessageKeys":[]},{"senderKeyId":1698345725,"senderChainKey":{"iteration":11,"seed":"5fP5frM/HoEkNrPydVF9Rgx4v061Dm3DJdmshvXaCtE="},"senderSigningKey":{"public":"BeonEiQtoA6l0MNO5/KPMYpE9ylX/y52WoxAV59LIghH"},"senderMessageKeys":[]},{"senderKeyId":1698345725,"senderChainKey":{"iteration":10,"seed":"AmvfpUmYEZl6cR9/UB0np49acZv5TyYFkzDf5KXW7Cc="},"senderSigningKey":{"public":"BeonEiQtoA6l0MNO5/KPMYpE9ylX/y52WoxAV59LIghH"},"senderMessageKeys":[]},{"senderKeyId":1698345725,"senderChainKey":{"iteration":10,"seed":"AmvfpUmYEZl6cR9/UB0np49acZv5TyYFkzDf5KXW7Cc="},"senderSigningKey":{"public":"BeonEiQtoA6l0MNO5/KPMYpE9ylX/y52WoxAV59LIghH"},"senderMessageKeys":[]}]