[{"senderKeyId":290085778,"senderChainKey":{"iteration":1,"seed":"3HhrlF9m0JT3UlzUBRWFRaZe8FPBuP1mOLKu174hfb4="},"senderSigningKey":{"public":"BXXI21RXStz7KOm5DR9pWh9RgUZ/CmiyqXDA6sFVNkZd"},"senderMessageKeys":[]},{"senderKeyId":2020580162,"senderChainKey":{"iteration":4,"seed":"rPWrtlghUGi384AdYfMc7DNzhWmaIFR4GJ5kBEdPQe0="},"senderSigningKey":{"public":"BbEETJCalsTf0ipBtIIx0buNs7/jHGyMVOW+oondh2Qw"},"senderMessageKeys":[]},{"senderKeyId":1050674147,"senderChainKey":{"iteration":2,"seed":"n1BjKJBZUTdKON9nyefiE5BCCoGkSdvCRM+elb/Hgxo="},"senderSigningKey":{"public":"BfZoSzMLfVji6VSgrWnIrB0bXo7ZN6xfnR7YTR8VsPJb"},"senderMessageKeys":[]}]