[{"senderKeyId":1401229352,"senderChainKey":{"iteration":26,"seed":"rCiKSpBBMxwQBBXE9Bft+zP0NecauR7uTT4TFxJS8/s="},"senderSigningKey":{"public":"BcGgbKW+imrEjGySkrNlRdL9YPPgwHtZ6yrg+9HHFiAn"},"senderMessageKeys":[]},{"senderKeyId":1741018485,"senderChainKey":{"iteration":59,"seed":"SM0JaSpsgqLTSjQMphZwkY2xmgeWT2r56TIPrj7hAeE="},"senderSigningKey":{"public":"BdT1+0dkh5jApCF2OPE84Tv+FRnp0OZMuFPFRSczvTQa"},"senderMessageKeys":[{},{}]},{"senderKeyId":1189511554,"senderChainKey":{"iteration":3,"seed":"iIEr5RETZOVVHsgzpxI7TdpQmmh9/4X6G0I6wyy5HvY="},"senderSigningKey":{"public":"BaM+/5jbV88+hzqd2AfkmNgpVnxvT2j2Mc3+z9qo84tH"},"senderMessageKeys":[]}]