[{"senderKeyId":495724597,"senderChainKey":{"iteration":15,"seed":"rt6C7vxoUPKS9wnO1+n4lrS8OOtAB72DnYCdOQoMAcg="},"senderSigningKey":{"public":"BbhXaPMWXo5yuRF3u/tcPRVqIoIQqUme4fl65fzWiTRa"},"senderMessageKeys":[]},{"senderKeyId":1774129304,"senderChainKey":{"iteration":43,"seed":"qht4ZYzCrtwwq9mKMo7N8O6KGdmZkLAHf2nosXtL1Dc="},"senderSigningKey":{"public":"BRG1rkYpZJfkLgcqAOpnUFXAf/LdqBS5l0oPEUGiwug9"},"senderMessageKeys":[{}]},{"senderKeyId":1838693533,"senderChainKey":{"iteration":55,"seed":"K4gV9dAC9nTjbfzJ9HCozNJYlr31SWR9i5gPhu5nv9g="},"senderSigningKey":{"public":"BbAXKX/OReoM8Zvu2javCFUcqhG7TDW+4vEM1MS3mIcf"},"senderMessageKeys":[]}]