[{"senderKeyId":1723530883,"senderChainKey":{"iteration":4,"seed":"HFPty7QhJACDH6hlNGgjahTLL24YJK32WFslGneFZZI="},"senderSigningKey":{"public":"BThnRkT4Eg0G4XAhDsWuS7/IdoOEuNHmx/FGfHbP6QU/"},"senderMessageKeys":[]},{"senderKeyId":1923413386,"senderChainKey":{"iteration":2,"seed":"BF3hXstu3Qb8odryB3DtsZQdpOgYeLmRBSonAz8MO+g="},"senderSigningKey":{"public":"BbBI8tyqmHj61Z8wc/F4h/3LPi+FQvKU5VvqrVKUc9Q9"},"senderMessageKeys":[]},{"senderKeyId":913517233,"senderChainKey":{"iteration":1,"seed":"sDbOxPudjWeZ1LsM6gJa47c7+hFu+Hh6MXrAJ/CM624="},"senderSigningKey":{"public":"BfirgM5BHXCAu8FU6+VfK1TSwyjcBqxSU0tmX/wussga"},"senderMessageKeys":[]}]