[{"senderKeyId":1516866616,"senderChainKey":{"iteration":8,"seed":"Km5k5EezOPCSoBtbP2pDoDvkafrAzD6F4bTqLkE88P8="},"senderSigningKey":{"public":"Bb8xBRBN2KdO0ezF5u3W5m9Fl2jGAdqOBa3BEYG2BOlm"},"senderMessageKeys":[{}]},{"senderKeyId":1516866616,"senderChainKey":{"iteration":2,"seed":"ZMaGfKIVqdJ+LF/kfJZNMoX7VV3WxRkkYD5iFoOc8JM="},"senderSigningKey":{"public":"Bb8xBRBN2KdO0ezF5u3W5m9Fl2jGAdqOBa3BEYG2BOlm"},"senderMessageKeys":[]},{"senderKeyId":1516866616,"senderChainKey":{"iteration":3,"seed":"BQj80YewtW51HPL13u3eQgVwTM1/bCCjjB1slT0Xdwg="},"senderSigningKey":{"public":"Bb8xBRBN2KdO0ezF5u3W5m9Fl2jGAdqOBa3BEYG2BOlm"},"senderMessageKeys":[]},{"senderKeyId":1516866616,"senderChainKey":{"iteration":4,"seed":"PMbjSiC71dJUK6GM0sGVNZjnroKEysSkEJjKdrGlzbg="},"senderSigningKey":{"public":"Bb8xBRBN2KdO0ezF5u3W5m9Fl2jGAdqOBa3BEYG2BOlm"},"senderMessageKeys":[]},{"senderKeyId":1516866616,"senderChainKey":{"iteration":5,"seed":"M/nQbS9lbUXf+Y2LpUWH0sbkou86+Jife1mQ+unlu7g="},"senderSigningKey":{"public":"Bb8xBRBN2KdO0ezF5u3W5m9Fl2jGAdqOBa3BEYG2BOlm"},"senderMessageKeys":[]},{"senderKeyId":1516866616,"senderChainKey":{"iteration":5,"seed":"M/nQbS9lbUXf+Y2LpUWH0sbkou86+Jife1mQ+unlu7g="},"senderSigningKey":{"public":"Bb8xBRBN2KdO0ezF5u3W5m9Fl2jGAdqOBa3BEYG2BOlm"},"senderMessageKeys":[]},{"senderKeyId":1516866616,"senderChainKey":{"iteration":7,"seed":"vOwEwt/3Kw71vTzkFBT76v0RBHxp91a71u4oVpn6jg4="},"senderSigningKey":{"public":"Bb8xBRBN2KdO0ezF5u3W5m9Fl2jGAdqOBa3BEYG2BOlm"},"senderMessageKeys":[]},{"senderKeyId":1516866616,"senderChainKey":{"iteration":7,"seed":"vOwEwt/3Kw71vTzkFBT76v0RBHxp91a71u4oVpn6jg4="},"senderSigningKey":{"public":"Bb8xBRBN2KdO0ezF5u3W5m9Fl2jGAdqOBa3BEYG2BOlm"}}]