[{"senderKeyId":1541147154,"senderChainKey":{"iteration":9,"seed":"yd1O4Q8WKatO3zj7JxUlf4ogUmnO3WaTXle0uVfRakM="},"senderSigningKey":{"public":"BVPQ65y8j9o+YbHRzCh2H5la7tQ1WJGGU4LCmvL0nA1b"},"senderMessageKeys":[]},{"senderKeyId":1541147154,"senderChainKey":{"iteration":6,"seed":"CPR76+jpVkPzVo3jPe7Yl7IMSWo6UvMMwaSHMK45Lpg="},"senderSigningKey":{"public":"BVPQ65y8j9o+YbHRzCh2H5la7tQ1WJGGU4LCmvL0nA1b"},"senderMessageKeys":[]},{"senderKeyId":1541147154,"senderChainKey":{"iteration":7,"seed":"cHgvpsIhwqxxeH/1KKE+z4MQMcQL7H5tIZ/Su/WZPhE="},"senderSigningKey":{"public":"BVPQ65y8j9o+YbHRzCh2H5la7tQ1WJGGU4LCmvL0nA1b"},"senderMessageKeys":[]}]