[{"senderKeyId":1235718188,"senderChainKey":{"iteration":17,"seed":"VqY99Iz0TEip/m9YOD8pupRX/huVUOgioPl/bPy3cOw="},"senderSigningKey":{"public":"BZV3l+YyQm3py3ys84xNq7u3paiFrl/PdQqRICrqlAk6"},"senderMessageKeys":[]},{"senderKeyId":1948925463,"senderChainKey":{"iteration":44,"seed":"oVnNmx77nyIa0AUnw/6CDVJvg8alzqDe2XX0DrNWXi8="},"senderSigningKey":{"public":"BVyEqHdNqcukQgR4aVvL1tv74oppG8Ua+Ovvgi1j3H9e"},"senderMessageKeys":[]},{"senderKeyId":1923486188,"senderChainKey":{"iteration":94,"seed":"79ftcNyJI4d/yTDTeH16NuBwQ9lCtqNjtYcZCBCL1uc="},"senderSigningKey":{"public":"BU2UTraHTvWg1ZqoISj0vIEQb+pBJx3tDc4UHb6aABYD"},"senderMessageKeys":[{}]}]