[{"senderKeyId":1406530968,"senderChainKey":{"iteration":21,"seed":"umkXQHweqKZIcoWLYV/QPPeEeqxOEZhOfDjH0RwkXBE="},"senderSigningKey":{"public":"BQPAKbwmOYdKtiUyqQt3akNx7AaVLReUFxhKEG0rteJx"},"senderMessageKeys":[]},{"senderKeyId":934013087,"senderChainKey":{"iteration":39,"seed":"Qs2HgLuE6p++snxqEluJ3q4m37QZdO5T9TnD6XdxLyo="},"senderSigningKey":{"public":"BV9ktyUPaor72uY7kq0uCob2vLiEUypzuZNoP1ST7JQx"},"senderMessageKeys":[]},{"senderKeyId":934013087,"senderChainKey":{"iteration":36,"seed":"C/2KsRVlYkjVZdMiT1C0GPxlUrZ+KV8DBdvvS1eMMlc="},"senderSigningKey":{"public":"BV9ktyUPaor72uY7kq0uCob2vLiEUypzuZNoP1ST7JQx"},"senderMessageKeys":[]}]