[{"senderKeyId":284885366,"senderChainKey":{"iteration":119,"seed":"/QBDcodpEobpmjx1d+yvxS0eE34qCxmgrAueRVAuPAI="},"senderSigningKey":{"public":"BSetpaxF/pbDoaph7EhlP9r2qlNwlLiE+RXMnlgfeH1X"},"senderMessageKeys":[]},{"senderKeyId":284885366,"senderChainKey":{"iteration":104,"seed":"faJx5avlUCp7Vib1IiIh88rTYege1WFsEevzsfOTbHI="},"senderSigningKey":{"public":"BSetpaxF/pbDoaph7EhlP9r2qlNwlLiE+RXMnlgfeH1X"},"senderMessageKeys":[]},{"senderKeyId":284885366,"senderChainKey":{"iteration":107,"seed":"PYsR+jCBlHGRawjVQGwXTdI7wKFHUkXVy/YjWhRIvaI="},"senderSigningKey":{"public":"BSetpaxF/pbDoaph7EhlP9r2qlNwlLiE+RXMnlgfeH1X"},"senderMessageKeys":[]},{"senderKeyId":284885366,"senderChainKey":{"iteration":117,"seed":"644Smlub1ienZBIoIeuCjT+9w3laRqVRpERkqrqqmKE="},"senderSigningKey":{"public":"BSetpaxF/pbDoaph7EhlP9r2qlNwlLiE+RXMnlgfeH1X"},"senderMessageKeys":[]}]