[{"senderKeyId":414489642,"senderChainKey":{"iteration":2,"seed":"C71vn0q3+m+pfgqz3G5DVewrYF3D0XmHKFYW6ZbenBg="},"senderSigningKey":{"public":"BZAHlb03UuRiv14WsjC8YU8mMzjk3a6PChkbe9l95rND"},"senderMessageKeys":[]},{"senderKeyId":1017774976,"senderChainKey":{"iteration":2,"seed":"k9J5zqUb4V611curldXf6q3aXtOMLeJCkUn759G4838="},"senderSigningKey":{"public":"BX6cSrxDok6/ouS4RrwiRuKG2rv0Q+D1nnX8H+Lqb2Zs"},"senderMessageKeys":[]},{"senderKeyId":1593467562,"senderChainKey":{"iteration":6,"seed":"XFUWi/2pV9Ak+bYiQaPD8OvVOZTxsnyKkRkyEcPyY0s="},"senderSigningKey":{"public":"BbFvgajuz2DKaE4sIhT/OA5Z9mXkvOibYJmudgOOMHod"},"senderMessageKeys":[]}]