[{"senderKeyId":871303599,"senderChainKey":{"iteration":18,"seed":"NHBKeYFh/m7QMPcVJxONyikppuBKDw6gkWmV0mZKM0g="},"senderSigningKey":{"public":"BT3K9Yef5ZNTPeQySomgH0L0X6l9Yc23XfSYrknm0n4N"},"senderMessageKeys":[{},{},{},{},{},{},{},{},{},{},{},{}]},{"senderKeyId":871303599,"senderChainKey":{"iteration":1,"seed":"nMIH+xabIVgGa5l10RV5sb9snajGiLiUBO0lVs9nbYM="},"senderSigningKey":{"public":"BT3K9Yef5ZNTPeQySomgH0L0X6l9Yc23XfSYrknm0n4N"},"senderMessageKeys":[]},{"senderKeyId":871303599,"senderChainKey":{"iteration":2,"seed":"OdcY939/oFuH90jOO36JILQ8+1sXl1mRCtWvw7IVRLg="},"senderSigningKey":{"public":"BT3K9Yef5ZNTPeQySomgH0L0X6l9Yc23XfSYrknm0n4N"},"senderMessageKeys":[]},{"senderKeyId":871303599,"senderChainKey":{"iteration":3,"seed":"wC1/ZX5rK9sVXSrZ0RT6tRK8CSq1Lykk49KiFjtIfBA="},"senderSigningKey":{"public":"BT3K9Yef5ZNTPeQySomgH0L0X6l9Yc23XfSYrknm0n4N"},"senderMessageKeys":[]},{"senderKeyId":871303599,"senderChainKey":{"iteration":4,"seed":"FWNmEjCGyKnpD4e5efLtp/OzOur2ScPqDjnFcWTujk0="},"senderSigningKey":{"public":"BT3K9Yef5ZNTPeQySomgH0L0X6l9Yc23XfSYrknm0n4N"},"senderMessageKeys":[]}]