[{"senderKeyId":1803904841,"senderChainKey":{"iteration":2,"seed":"+2WOA/RPfl598bVvN0GSEVUF6FV8Zo/rYU8cREtltiY="},"senderSigningKey":{"public":"Be2p6wHapOdQOwC0Si5RFDTvqaxsTIj+yHOv6aFZ1CMw"},"senderMessageKeys":[]},{"senderKeyId":228576378,"senderChainKey":{"iteration":9,"seed":"5nEu0ipo58h1aSFC1OVf6+6B4XveuojxesRogPpIVV0="},"senderSigningKey":{"public":"BZUsa+TRRqsxaYwYcCoxIQQQVhV/fy62IfU31Ttbgehi"},"senderMessageKeys":[]},{"senderKeyId":1395224270,"senderChainKey":{"iteration":32,"seed":"bGhv4Y+sSD5ry/UdZblRnJRLV6ZcRbIc/gr3IXj7Lyo="},"senderSigningKey":{"public":"BWUCFqrrDC+y5rwZUOBLt1Wo5bAmM9XpSpLXPMxR9toA"},"senderMessageKeys":[]},{"senderKeyId":900699955,"senderChainKey":{"iteration":40,"seed":"w7F6cJcLzLEp7KwoDU2ba8GI+/cCPDdHSodgFtqSw6E="},"senderSigningKey":{"public":"BQ74BQvYjjYVfGM6hhoMQid9c1oHdUNvuIbAWRViwg0y"},"senderMessageKeys":[]},{"senderKeyId":333398707,"senderChainKey":{"iteration":88,"seed":"o9NpBMuGD/FvwTra+qavfxu2nr52TGAL5OIArLAxpXc="},"senderSigningKey":{"public":"BZbvlK3v1b6ntBIx701TDLIS/qdBGeFhm5ancqiRU9Ma"},"senderMessageKeys":[{}]}]