[{"senderKeyId":116215889,"senderChainKey":{"iteration":47,"seed":"teMsV7P1LtBpwaickT7QMC4M3GRTGxwW2zXboOXjScg="},"senderSigningKey":{"public":"BdfDrgw2NU7TNntokI0gTVI5uxWkIhkWGTHTc1A7Crx3"},"senderMessageKeys":[]},{"senderKeyId":116215889,"senderChainKey":{"iteration":5,"seed":"s3QkDf8awEYXdyHX79qmvhUzDZl2KEyshlkwkgJXjUA="},"senderSigningKey":{"public":"BdfDrgw2NU7TNntokI0gTVI5uxWkIhkWGTHTc1A7Crx3"},"senderMessageKeys":[]},{"senderKeyId":116215889,"senderChainKey":{"iteration":6,"seed":"QnubpwI3QMxFXcaInp80Atp7ZcH36yFrR7wZRXOXmrc="},"senderSigningKey":{"public":"BdfDrgw2NU7TNntokI0gTVI5uxWkIhkWGTHTc1A7Crx3"},"senderMessageKeys":[]},{"senderKeyId":116215889,"senderChainKey":{"iteration":7,"seed":"YX6/5agzWp1i6E10RWWnmFl9t/4FCV8L3Fw/6W7zP+s="},"senderSigningKey":{"public":"BdfDrgw2NU7TNntokI0gTVI5uxWkIhkWGTHTc1A7Crx3"},"senderMessageKeys":[]},{"senderKeyId":116215889,"senderChainKey":{"iteration":8,"seed":"I7FTpHaKky1o3Arc9Za5T6yPBEZy+JTiOIwwpnCMpaQ="},"senderSigningKey":{"public":"BdfDrgw2NU7TNntokI0gTVI5uxWkIhkWGTHTc1A7Crx3"},"senderMessageKeys":[]},{"senderKeyId":116215889,"senderChainKey":{"iteration":9,"seed":"SaHyY1brVIVXj5EdR/WR0/2ng4xzW3HSq+lUk8mXtWg="},"senderSigningKey":{"public":"BdfDrgw2NU7TNntokI0gTVI5uxWkIhkWGTHTc1A7Crx3"},"senderMessageKeys":[]},{"senderKeyId":116215889,"senderChainKey":{"iteration":10,"seed":"JwrZYDvxzoHsEwEHCQqGDL6uW/iMm0cTyB+4gbRwQrY="},"senderSigningKey":{"public":"BdfDrgw2NU7TNntokI0gTVI5uxWkIhkWGTHTc1A7Crx3"},"senderMessageKeys":[]},{"senderKeyId":116215889,"senderChainKey":{"iteration":11,"seed":"VqYgn+N36zVAbVmrkKhRXSusNX3rpLnWppryqyj1bgc="},"senderSigningKey":{"public":"BdfDrgw2NU7TNntokI0gTVI5uxWkIhkWGTHTc1A7Crx3"},"senderMessageKeys":[]},{"senderKeyId":116215889,"senderChainKey":{"iteration":12,"seed":"h73++jgmWpHBW4JAu10d9o0S3qCtnMYrHJ5UXnnc2A0="},"senderSigningKey":{"public":"BdfDrgw2NU7TNntokI0gTVI5uxWkIhkWGTHTc1A7Crx3"},"senderMessageKeys":[]},{"senderKeyId":116215889,"senderChainKey":{"iteration":13,"seed":"67cXfCp9t/lKph+oXF9iooTlhdw/LnozECXipVw9mq4="},"senderSigningKey":{"public":"BdfDrgw2NU7TNntokI0gTVI5uxWkIhkWGTHTc1A7Crx3"},"senderMessageKeys":[]},{"senderKeyId":116215889,"senderChainKey":{"iteration":14,"seed":"/jTSD3T1EtdVqxFMbnN5umaofbxABtq9zK2assGRDLI="},"senderSigningKey":{"public":"BdfDrgw2NU7TNntokI0gTVI5uxWkIhkWGTHTc1A7Crx3"},"senderMessageKeys":[]},{"senderKeyId":116215889,"senderChainKey":{"iteration":15,"seed":"5AGS5gRi6V0MJQLJdGolgbJfroYTAquUz5VwRI7ohRM="},"senderSigningKey":{"public":"BdfDrgw2NU7TNntokI0gTVI5uxWkIhkWGTHTc1A7Crx3"},"senderMessageKeys":[]},{"senderKeyId":116215889,"senderChainKey":{"iteration":16,"seed":"YDnWTkhGmK7xRNoyYZ90yU/dPquCKq2Y7Q7fU3yXSvE="},"senderSigningKey":{"public":"BdfDrgw2NU7TNntokI0gTVI5uxWkIhkWGTHTc1A7Crx3"},"senderMessageKeys":[]},{"senderKeyId":116215889,"senderChainKey":{"iteration":17,"seed":"uK+IdUvddhbTdEqflJAsw+BuYCToCCax5Hb86Yw+QjE="},"senderSigningKey":{"public":"BdfDrgw2NU7TNntokI0gTVI5uxWkIhkWGTHTc1A7Crx3"},"senderMessageKeys":[]},{"senderKeyId":116215889,"senderChainKey":{"iteration":18,"seed":"65OSYHHWq77Hgjc0OiUdVga1K1CuHrRe61daYnnSb38="},"senderSigningKey":{"public":"BdfDrgw2NU7TNntokI0gTVI5uxWkIhkWGTHTc1A7Crx3"},"senderMessageKeys":[]},{"senderKeyId":116215889,"senderChainKey":{"iteration":19,"seed":"7qNF7zZSEfDXM6jogz+FF03eNubl+eBxDD13IA2fZG0="},"senderSigningKey":{"public":"BdfDrgw2NU7TNntokI0gTVI5uxWkIhkWGTHTc1A7Crx3"},"senderMessageKeys":[]},{"senderKeyId":116215889,"senderChainKey":{"iteration":20,"seed":"7LSHbm1m9FgOps+RLTuXjm1195noKV2EYOh/ERia9zc="},"senderSigningKey":{"public":"BdfDrgw2NU7TNntokI0gTVI5uxWkIhkWGTHTc1A7Crx3"},"senderMessageKeys":[]},{"senderKeyId":116215889,"senderChainKey":{"iteration":21,"seed":"MuH+x91HuPk5dRLFu978oz6uumDjE94yOt97vwPj8Ps="},"senderSigningKey":{"public":"BdfDrgw2NU7TNntokI0gTVI5uxWkIhkWGTHTc1A7Crx3"},"senderMessageKeys":[]},{"senderKeyId":116215889,"senderChainKey":{"iteration":22,"seed":"+5MOE3HcrEzehnbNEFALGuLVj+nW9VbPIMpAZz+b2sk="},"senderSigningKey":{"public":"BdfDrgw2NU7TNntokI0gTVI5uxWkIhkWGTHTc1A7Crx3"},"senderMessageKeys":[]},{"senderKeyId":116215889,"senderChainKey":{"iteration":23,"seed":"Y928p6Bor3YOUA6hO1OmkCoDdespfjWWn8F87Bxs6gM="},"senderSigningKey":{"public":"BdfDrgw2NU7TNntokI0gTVI5uxWkIhkWGTHTc1A7Crx3"},"senderMessageKeys":[]},{"senderKeyId":116215889,"senderChainKey":{"iteration":24,"seed":"588ssc1uF4VJJ06dUy/8VjvtUxZQKOsvewrwhqfLBh8="},"senderSigningKey":{"public":"BdfDrgw2NU7TNntokI0gTVI5uxWkIhkWGTHTc1A7Crx3"},"senderMessageKeys":[]},{"senderKeyId":116215889,"senderChainKey":{"iteration":25,"seed":"3umQHcC5MgFnY8FJbzizo84NyQy6hwNRTnObc3BF8Js="},"senderSigningKey":{"public":"BdfDrgw2NU7TNntokI0gTVI5uxWkIhkWGTHTc1A7Crx3"},"senderMessageKeys":[]},{"senderKeyId":116215889,"senderChainKey":{"iteration":26,"seed":"F+0mXVk7rdKOkBjeXfugjzp1ZLYbsQNShul53bcWAYQ="},"senderSigningKey":{"public":"BdfDrgw2NU7TNntokI0gTVI5uxWkIhkWGTHTc1A7Crx3"},"senderMessageKeys":[]},{"senderKeyId":116215889,"senderChainKey":{"iteration":27,"seed":"8rmVaSZoJHVtSJ4rP8SCYeJBPLtpnaF3l/EdiKaBX5U="},"senderSigningKey":{"public":"BdfDrgw2NU7TNntokI0gTVI5uxWkIhkWGTHTc1A7Crx3"},"senderMessageKeys":[]},{"senderKeyId":116215889,"senderChainKey":{"iteration":28,"seed":"2B6393YhcPp7gmKd1me8ak470z15S//trzxRQ46ihhs="},"senderSigningKey":{"public":"BdfDrgw2NU7TNntokI0gTVI5uxWkIhkWGTHTc1A7Crx3"},"senderMessageKeys":[]},{"senderKeyId":116215889,"senderChainKey":{"iteration":29,"seed":"vMeW/V+LUs/Eyyf0VRaxpw61WAXDjZcjUWo34UvXPrA="},"senderSigningKey":{"public":"BdfDrgw2NU7TNntokI0gTVI5uxWkIhkWGTHTc1A7Crx3"},"senderMessageKeys":[]},{"senderKeyId":116215889,"senderChainKey":{"iteration":30,"seed":"20UCSDp8tztC9/NuezZIII498M82EnaD+HnWRG5OdZk="},"senderSigningKey":{"public":"BdfDrgw2NU7TNntokI0gTVI5uxWkIhkWGTHTc1A7Crx3"},"senderMessageKeys":[]},{"senderKeyId":116215889,"senderChainKey":{"iteration":31,"seed":"23ADpkKICkBDvesv3eUqOudSX68L9Qlm4Kk4qOIjzco="},"senderSigningKey":{"public":"BdfDrgw2NU7TNntokI0gTVI5uxWkIhkWGTHTc1A7Crx3"},"senderMessageKeys":[]},{"senderKeyId":116215889,"senderChainKey":{"iteration":32,"seed":"MrDfAoRm04z/27bPcCjvU+xaoc4GXp5iMs1HTFqbtao="},"senderSigningKey":{"public":"BdfDrgw2NU7TNntokI0gTVI5uxWkIhkWGTHTc1A7Crx3"},"senderMessageKeys":[]},{"senderKeyId":116215889,"senderChainKey":{"iteration":33,"seed":"N+Tj4h4y2W5/jF1+7srEjRei1pNiu2pkw9xg5GPp6ME="},"senderSigningKey":{"public":"BdfDrgw2NU7TNntokI0gTVI5uxWkIhkWGTHTc1A7Crx3"},"senderMessageKeys":[]},{"senderKeyId":116215889,"senderChainKey":{"iteration":34,"seed":"dK0C+3f0kgtYozitj+h37zj58TKlQ8Dcpe3knVd9pic="},"senderSigningKey":{"public":"BdfDrgw2NU7TNntokI0gTVI5uxWkIhkWGTHTc1A7Crx3"},"senderMessageKeys":[]},{"senderKeyId":116215889,"senderChainKey":{"iteration":35,"seed":"wUjvfK1WoocXHq9xkMuZoEw7VVNXDVlxbdIOYuf6DLM="},"senderSigningKey":{"public":"BdfDrgw2NU7TNntokI0gTVI5uxWkIhkWGTHTc1A7Crx3"},"senderMessageKeys":[]},{"senderKeyId":116215889,"senderChainKey":{"iteration":36,"seed":"O6uvs8Vx6ag/mhbhFwXqQjxPPzPy9cM01719OF1tt+U="},"senderSigningKey":{"public":"BdfDrgw2NU7TNntokI0gTVI5uxWkIhkWGTHTc1A7Crx3"},"senderMessageKeys":[]},{"senderKeyId":116215889,"senderChainKey":{"iteration":37,"seed":"cUfbpNMfVYxa6gCbgAvakCNeoI9iRbVpKRH3FXIgTiE="},"senderSigningKey":{"public":"BdfDrgw2NU7TNntokI0gTVI5uxWkIhkWGTHTc1A7Crx3"},"senderMessageKeys":[]},{"senderKeyId":116215889,"senderChainKey":{"iteration":38,"seed":"UUeMOlcsTMxCYKDjDcczeERyIm3Dg+qOQaWFrx7q0sU="},"senderSigningKey":{"public":"BdfDrgw2NU7TNntokI0gTVI5uxWkIhkWGTHTc1A7Crx3"},"senderMessageKeys":[]},{"senderKeyId":116215889,"senderChainKey":{"iteration":39,"seed":"5p4gp9ZdEMo3DtuUk4v851uLdjd44HhGv039zFTOPoI="},"senderSigningKey":{"public":"BdfDrgw2NU7TNntokI0gTVI5uxWkIhkWGTHTc1A7Crx3"},"senderMessageKeys":[]},{"senderKeyId":116215889,"senderChainKey":{"iteration":40,"seed":"NXcXAvMy3sjHzZdDI6j91rs6X6rjGhcWpg48P8Xfz+c="},"senderSigningKey":{"public":"BdfDrgw2NU7TNntokI0gTVI5uxWkIhkWGTHTc1A7Crx3"},"senderMessageKeys":[]},{"senderKeyId":116215889,"senderChainKey":{"iteration":41,"seed":"8wOs5NBSuqOewr65d1Ojq7ff8UhSfq93hhIHHCawNxM="},"senderSigningKey":{"public":"BdfDrgw2NU7TNntokI0gTVI5uxWkIhkWGTHTc1A7Crx3"},"senderMessageKeys":[]},{"senderKeyId":116215889,"senderChainKey":{"iteration":42,"seed":"MY1Z62m9H77TiUWtSET47sV9MCUZhuNXqMaV3P2gZh4="},"senderSigningKey":{"public":"BdfDrgw2NU7TNntokI0gTVI5uxWkIhkWGTHTc1A7Crx3"},"senderMessageKeys":[]},{"senderKeyId":116215889,"senderChainKey":{"iteration":43,"seed":"mRUnXWCdC5NsD51fYUbkO2igCwUuntAuPrBJBrhYtpU="},"senderSigningKey":{"public":"BdfDrgw2NU7TNntokI0gTVI5uxWkIhkWGTHTc1A7Crx3"},"senderMessageKeys":[]},{"senderKeyId":116215889,"senderChainKey":{"iteration":44,"seed":"meu6iMVmOIps3oMQXIonalD/THF4q2M6o1Op2iQ+DOg="},"senderSigningKey":{"public":"BdfDrgw2NU7TNntokI0gTVI5uxWkIhkWGTHTc1A7Crx3"},"senderMessageKeys":[]},{"senderKeyId":116215889,"senderChainKey":{"iteration":45,"seed":"GO+BAaFC0eGIS89yLjHrfjCISwJqs3PMikNGxgwaCCQ="},"senderSigningKey":{"public":"BdfDrgw2NU7TNntokI0gTVI5uxWkIhkWGTHTc1A7Crx3"},"senderMessageKeys":[]},{"senderKeyId":116215889,"senderChainKey":{"iteration":46,"seed":"BpK7PyDdbanU7iwGEw9vF5naAEad5sT+muTQrgtcj4I="},"senderSigningKey":{"public":"BdfDrgw2NU7TNntokI0gTVI5uxWkIhkWGTHTc1A7Crx3"},"senderMessageKeys":[]}]