[{"senderKeyId":502628714,"senderChainKey":{"iteration":11,"seed":"tJxdYZaZZTh3iU41nMwZRVvtTA99K2czjgS1bUN1Ivw="},"senderSigningKey":{"public":"BfrJS/EuJ6D3dLpqGLirn/Som+Iq3rL3vUVljlYimZlv"},"senderMessageKeys":[]},{"senderKeyId":24074474,"senderChainKey":{"iteration":1,"seed":"iWPi7xmBdlDsu9/lhJ++xQVICGu3y9SCQQ7ovyLFKmM="},"senderSigningKey":{"public":"BaaZDckJvuRIp5hQ7rSf2BCu3A2xpSkeV5X4OcNQ1qNV"},"senderMessageKeys":[]},{"senderKeyId":1423038021,"senderChainKey":{"iteration":1,"seed":"92A3RIno4FoCLioBj3egg+o8bp8izVDT57+RLYOOqng="},"senderSigningKey":{"public":"Be4yXR/wsKYqSvtUym7Jui4XPAQQtWaeKJYa4Ywo6qIc"},"senderMessageKeys":[]}]