[{"senderKeyId":620467566,"senderChainKey":{"iteration":6,"seed":"+Gup891OEqI7AVq47LAECjN2YkHNHhLte/HCDKyKXD4="},"senderSigningKey":{"public":"BazDcxhhN2wDJUdrg0kN/roXYTzDHNSD7JnT6ZiS+mRA"},"senderMessageKeys":[]},{"senderKeyId":1589237630,"senderChainKey":{"iteration":8,"seed":"BO7VckdDXDFpThCJ43gcog9wlZbD6uFMtCqy5vAaRZ8="},"senderSigningKey":{"public":"BZFx5bFya8EANb7I7R7XnKCqM0MAmmfq0eS1cPercC4E"},"senderMessageKeys":[]},{"senderKeyId":364357966,"senderChainKey":{"iteration":1,"seed":"TL3uRXCq+Rbm91kiNFTa1kUwfwBPfYAi5w2nw5LmMAA="},"senderSigningKey":{"public":"BcLDnxAgg4Lm201x9UQe5zodWWd+4j7S6/xhFP5ctQJ8"},"senderMessageKeys":[]},{"senderKeyId":1234891932,"senderChainKey":{"iteration":2,"seed":"xLf/wpH1hK1DjnQpq+Zj3SpaqvUxWAIy+/wj+8wI6jA="},"senderSigningKey":{"public":"BW/KThms4FApDbQfcNUe6tmxlEC041PTPr58pu7nu745"},"senderMessageKeys":[]}]