[{"senderKeyId":2050048326,"senderChainKey":{"iteration":27,"seed":"BKRZRH/W8PyGdGz2R/JEQQNbQJcUc/cWVl/1InVKNTc="},"senderSigningKey":{"public":"BcnW38Ji4nf3q7JdapCoghdAeqXMhMNtGEiw5Rkpo3RF"},"senderMessageKeys":[]},{"senderKeyId":551814417,"senderChainKey":{"iteration":8,"seed":"L0hFI302jewDSmJy4bMv+WBxfg0wf946zlpicC08YQM="},"senderSigningKey":{"public":"Bd/7d4tKq0hiG9WUDpIdkq9JLSpWWdonL6gs7giHk7Yf"},"senderMessageKeys":[]},{"senderKeyId":370371277,"senderChainKey":{"iteration":16,"seed":"D4EenDSMBRBkA2lILaOSF+6G3HWx6osxgLr9isnYUeo="},"senderSigningKey":{"public":"BXxZfHiiESXvAaeY33zzMNqoIb7mPUllDTg4SOdHqpwP"},"senderMessageKeys":[]}]