{"_sessions":{"BZneQS/Kt3/Ue0J2WjgVVVkUHnXrinmDan5PYw5PtFB3":{"registrationId":1632,"currentRatchet":{"ephemeralKeyPair":{"pubKey":"BYD3mdynATmVpf9XbU46FKevHpfAhojFH6mfOajToc8w","privKey":"AMqpTsnVSX47xGaA2/yxXv495/A0iLaDl4OIVtPw/HM="},"lastRemoteEphemeralKey":"BSXHl6Te2p1cndGpJhHFHBde9cKgt7z67xmf4EBPCC0O","previousCounter":0,"rootKey":"RjCwXcbgj4cCvjKtkliVEAv45b2XFOOJ/N9unyStIgk="},"indexInfo":{"baseKey":"BZneQS/Kt3/Ue0J2WjgVVVkUHnXrinmDan5PYw5PtFB3","baseKeyType":1,"closed":-1,"used":1684277963738,"created":1684277963738,"remoteIdentityKey":"BaAJw8rzttQKTrtQH+NM9yrURHHaA7juB3MMC8OOqj91"},"_chains":{"BYD3mdynATmVpf9XbU46FKevHpfAhojFH6mfOajToc8w":{"chainKey":{"counter":0,"key":"xR0Xl19VxFuTOZKCKvzjhnAnFVBk9nDsy2OZY02xAeo="},"chainType":1,"messageKeys":{}}},"pendingPreKey":{"signedKeyId":1,"baseKey":"BZneQS/Kt3/Ue0J2WjgVVVkUHnXrinmDan5PYw5PtFB3"}}},"version":"v1"}