{"_sessions":{"BTWJPTUjkGOcpKLhBnp0mYOIJDcEt4HRFVOWfB/Fu7IM":{"registrationId":1742266338,"currentRatchet":{"ephemeralKeyPair":{"pubKey":"BR4F5mSiQiZUv3no/zj2qy2KSwuqN6+t6cXQ1ya0fcoF","privKey":"AHVxAOGQngeztO7dWZHg2NPV/cp9NRUrQqeV9CGEuks="},"lastRemoteEphemeralKey":"BZgcmAoc22Ut7T/fml6V06CEX3SAUErD+kE7sSbhlD5e","previousCounter":0,"rootKey":"Kdnil8JRL4un/7djxPf/p6sGucT6EKgFuWO0F+dRoDI="},"indexInfo":{"baseKey":"BTWJPTUjkGOcpKLhBnp0mYOIJDcEt4HRFVOWfB/Fu7IM","baseKeyType":1,"closed":-1,"used":1684288976413,"created":1684288976413,"remoteIdentityKey":"BT2I7aexHNy20mK6jWMC3Qsm22R+0k7TBXstzT5aB1sd"},"_chains":{"BR4F5mSiQiZUv3no/zj2qy2KSwuqN6+t6cXQ1ya0fcoF":{"chainKey":{"counter":0,"key":"wlIOWDl/P0nqsB3R3diMR14U02LyEp4x1UCRONG1Tfc="},"chainType":1,"messageKeys":{}}},"pendingPreKey":{"signedKeyId":2,"baseKey":"BTWJPTUjkGOcpKLhBnp0mYOIJDcEt4HRFVOWfB/Fu7IM","preKeyId":9796727}}},"version":"v1"}