{"_sessions":{"BUqmk2u0HlCbX143xaih/YW2u0UEENGkEfUm/sJMguJx":{"registrationId":1000749001,"currentRatchet":{"ephemeralKeyPair":{"pubKey":"BbxtF1qDVzlPtZGwFOPauxktg52XAHkmXHTuwGlGDcgW","privKey":"oH7oWLhkeUARPn7E/rLDa8LVfJmjxA4wmWEYEhwbwkA="},"lastRemoteEphemeralKey":"BbRhlsD9gLfrKN9oW8XU61ZfA1mbXxpmQe2iF+hH4vtO","previousCounter":0,"rootKey":"Kr8YWF67uljcd2CwIZ3kBANmMf41g5xuSBM4wI7/Nvg="},"indexInfo":{"baseKey":"BUqmk2u0HlCbX143xaih/YW2u0UEENGkEfUm/sJMguJx","baseKeyType":1,"closed":-1,"used":1684316933493,"created":1684316933493,"remoteIdentityKey":"BU/ND5IJb1vF08ng92C9zHfJTSUvGHjesTt3f7WJwJd3"},"_chains":{"BbxtF1qDVzlPtZGwFOPauxktg52XAHkmXHTuwGlGDcgW":{"chainKey":{"counter":0,"key":"wr33DIzgrVX8slvnL9f+ovoiFVjZY/ftE+E+zbH9asg="},"chainType":1,"messageKeys":{}}},"pendingPreKey":{"signedKeyId":21,"baseKey":"BUqmk2u0HlCbX143xaih/YW2u0UEENGkEfUm/sJMguJx","preKeyId":2562506}}},"version":"v1"}