{"_sessions":{"BTSPgQnrZKkmEj4gHSeSR7Bayqsfu6n3X81QQobaMFEz":{"registrationId":1170452572,"currentRatchet":{"ephemeralKeyPair":{"pubKey":"BazZA13ZG0d2jxoQbIk9wpJwBIzSi9DxCYKrg1gMHb8m","privKey":"UPWP+sONpunnKFkuvmPimwj7oGtJrsLyecISFAvrnGk="},"lastRemoteEphemeralKey":"BX0UdyfzmvVFMN0ZdyatJmLh3xL13XCcMlm1AbTviNQx","previousCounter":0,"rootKey":"33C3LL9j4p7MCBdn6jKBjX5EoVu5/hFk9QZOQwEKIbQ="},"indexInfo":{"baseKey":"BTSPgQnrZKkmEj4gHSeSR7Bayqsfu6n3X81QQobaMFEz","baseKeyType":1,"closed":-1,"used":1684277964748,"created":1684277964748,"remoteIdentityKey":"Bcsbh52QiA8Q5WFz6MkI+uPkWrDINc/tfMFsASw3xZch"},"_chains":{"BazZA13ZG0d2jxoQbIk9wpJwBIzSi9DxCYKrg1gMHb8m":{"chainKey":{"counter":0,"key":"dL0ffbNNszwDKCICdTl0kVagDjxg2ghh2Vakl5MF1qE="},"chainType":1,"messageKeys":{}}},"pendingPreKey":{"signedKeyId":0,"baseKey":"BTSPgQnrZKkmEj4gHSeSR7Bayqsfu6n3X81QQobaMFEz","preKeyId":2799880}}},"version":"v1"}