{"_sessions":{"BXk7l9PHjJeRhqd22v20Y7c7PS2cwsP9eRiivVXGD3Ue":{"registrationId":976444933,"currentRatchet":{"ephemeralKeyPair":{"pubKey":"Be1pGd4wqASULClqnjiuP23ZCnLw4D97vZyIDozTU5Vr","privKey":"0MPwDSpXDdTYlppeimPS6/VQtwcMiijTmJsGpQ2Y230="},"lastRemoteEphemeralKey":"BSbbpjdlt7xy1ZHMWqVxszlZYCkDhf/k7wm29wivXgsx","previousCounter":0,"rootKey":"omE4mX7jO1sNegK2SFxpPK3dOus6cvcxP+nWjd2PdDg="},"indexInfo":{"baseKey":"BXk7l9PHjJeRhqd22v20Y7c7PS2cwsP9eRiivVXGD3Ue","baseKeyType":1,"closed":-1,"used":1684316933504,"created":1684316933504,"remoteIdentityKey":"BYSeyNJTtZhck7muYYNZigF46eH3Zt0bhmQwEJma9cFs"},"_chains":{"Be1pGd4wqASULClqnjiuP23ZCnLw4D97vZyIDozTU5Vr":{"chainKey":{"counter":0,"key":"vXVNGe4MYkOYmv3R189OyVhGFoa3H6WfjW5+Ixr68FY="},"chainType":1,"messageKeys":{}}},"pendingPreKey":{"signedKeyId":11,"baseKey":"BXk7l9PHjJeRhqd22v20Y7c7PS2cwsP9eRiivVXGD3Ue","preKeyId":9003506}}},"version":"v1"}