{"_sessions":{"BUjZuwolgutJrQGbT5d31uTqvvwT8/OYMkD1i4jNZOJc":{"registrationId":1625063005,"currentRatchet":{"ephemeralKeyPair":{"pubKey":"BSH2UhXn3znzMJct8R0TeqmiX9zZ1fo8PSQuwnCR5C9E","privKey":"+LMY2LTBgV5pk9/h2uysVI+v0MLf02T4BCWO9dMfXnc="},"lastRemoteEphemeralKey":"BXgRocbN64UWG0/BQwugS2EvxDpFZ5fxqXtuZUzsx0R2","previousCounter":0,"rootKey":"GfGPAEzNqvlY3BoNGl/xR0q0Sng51f5W2SCCpJPOD3U="},"indexInfo":{"baseKey":"BUjZuwolgutJrQGbT5d31uTqvvwT8/OYMkD1i4jNZOJc","baseKeyType":1,"closed":-1,"used":1684277964652,"created":1684277964652,"remoteIdentityKey":"BU2kC+7Z/k0DKYGNhD+ctKbzFRJcJJaZ+YErkjnVGHd4"},"_chains":{"BSH2UhXn3znzMJct8R0TeqmiX9zZ1fo8PSQuwnCR5C9E":{"chainKey":{"counter":0,"key":"rDOA0XrmGUNmi8d0TTh7xLtbvJ2rDuYJQn3mMa7MpQM="},"chainType":1,"messageKeys":{}}},"pendingPreKey":{"signedKeyId":2,"baseKey":"BUjZuwolgutJrQGbT5d31uTqvvwT8/OYMkD1i4jNZOJc"}}},"version":"v1"}