{"_sessions":{"Bd3ek8epJCWsW924xtZxl/wUapRua1cLvAQeXQk8Jd86":{"registrationId":1023774476,"currentRatchet":{"ephemeralKeyPair":{"pubKey":"BUyDnLcOFHnEjXdRQgsGHa/JNoOuNBKOBR8VZekG3FkT","privKey":"kB4/R6vgZ5F++CjLAaCsjyv0T6K30VbON8iiAs8B4mk="},"lastRemoteEphemeralKey":"BVRlIKTChvMYaXNIk9wVM5EgSYmC64GWXKr5wVlbzlow","previousCounter":0,"rootKey":"JmnziPSuRCyV3a3R9WSGKAVVTWdgZ3T9473qZ8y+iKk="},"indexInfo":{"baseKey":"Bd3ek8epJCWsW924xtZxl/wUapRua1cLvAQeXQk8Jd86","baseKeyType":1,"closed":-1,"used":1684288976436,"created":1684288976436,"remoteIdentityKey":"BZiFT+qXz5AH9/EfQq/zl/+vnDNEUqhS5hGbwgROn2k6"},"_chains":{"BUyDnLcOFHnEjXdRQgsGHa/JNoOuNBKOBR8VZekG3FkT":{"chainKey":{"counter":0,"key":"imIeWEzrNvgqtrwHJwcpQ1Z5khNooWHyvwAcuDQbglY="},"chainType":1,"messageKeys":{}}},"pendingPreKey":{"signedKeyId":20,"baseKey":"Bd3ek8epJCWsW924xtZxl/wUapRua1cLvAQeXQk8Jd86","preKeyId":9296837}}},"version":"v1"}