{"_sessions":{"BV9ZPEGreQxmoSZEd/rth/vgERUKyQReJVSOK/lpgQQz":{"registrationId":1152037147,"currentRatchet":{"ephemeralKeyPair":{"pubKey":"BXan9TxAr/4xznU32QzJ4wCfyEaRBbpIuP+LJaJ0sqsE","privKey":"4GJlyZDoXZ21VnatH07RPjra5qNpnzyudeF8lUnx+GI="},"lastRemoteEphemeralKey":"BVrJ2oa+vNpHR/F+oAMl32zyczgGcmovdHyPQluS1WJC","previousCounter":0,"rootKey":"93ua4Y+WUUvtR48q3Z3Ue8WfytxjtSq4XXKO0J2gFcQ="},"indexInfo":{"baseKey":"BV9ZPEGreQxmoSZEd/rth/vgERUKyQReJVSOK/lpgQQz","baseKeyType":1,"closed":-1,"used":1684277964767,"created":1684277964767,"remoteIdentityKey":"BU8mvfEdnYPPYyFuy5401iKqTBY/4KRtxUyA7j8cRvJb"},"_chains":{"BXan9TxAr/4xznU32QzJ4wCfyEaRBbpIuP+LJaJ0sqsE":{"chainKey":{"counter":0,"key":"Pu43txBNHt8wusRfLn/JbDJYPGPMLgXe7gUBw9XjP6Y="},"chainType":1,"messageKeys":{}}},"pendingPreKey":{"signedKeyId":0,"baseKey":"BV9ZPEGreQxmoSZEd/rth/vgERUKyQReJVSOK/lpgQQz"}}},"version":"v1"}