{"_sessions":{"BS0jIFYrXYblvsw5I9x8RTFlHzS7gqrvr5JNWcJlg0YM":{"registrationId":615344909,"currentRatchet":{"ephemeralKeyPair":{"pubKey":"BdPVnVA5ClJdYThdInxTGzKJ8/XVmujepSZbMML1z6VA","privKey":"GJGVDPiFeAWSWgKvhdJ1cllildmMwjUXhxbxIey1QnM="},"lastRemoteEphemeralKey":"Ba71/Yry8DQ9ljfXniZJY7EfY8XT33yRIg7q1qFrViox","previousCounter":0,"rootKey":"nUkew7LYjZNxBzJFT824lqCHO7wwsbwxM534CUSv7T8="},"indexInfo":{"baseKey":"BS0jIFYrXYblvsw5I9x8RTFlHzS7gqrvr5JNWcJlg0YM","baseKeyType":1,"closed":-1,"used":1684277964716,"created":1684277964716,"remoteIdentityKey":"BfLq9UxxkmVAz6kJASnAkQ9ipQY1imfy8HPf3I3pbgl2"},"_chains":{"BdPVnVA5ClJdYThdInxTGzKJ8/XVmujepSZbMML1z6VA":{"chainKey":{"counter":0,"key":"leTa6lmtY1HvFNghv6ICz7lJOY/+nHqL9m8EMb8bXLM="},"chainType":1,"messageKeys":{}}},"pendingPreKey":{"signedKeyId":0,"baseKey":"BS0jIFYrXYblvsw5I9x8RTFlHzS7gqrvr5JNWcJlg0YM","preKeyId":11690334}}},"version":"v1"}