{"_sessions":{"Ba4nfavVsfgRPHo9H3L0+Wap/nt4s7VYWUDYgMoLQCdx":{"registrationId":396227419,"currentRatchet":{"ephemeralKeyPair":{"pubKey":"BfRfVQ+zyXdLIz0Oz/pIQw5AKjInoXRHQsRVWAOiBgVc","privKey":"0EwVBYZS/WZqWxLWVQNz3oM2KWSUi7u9qmATfIgmLFY="},"lastRemoteEphemeralKey":"BSNLdEqDTqt9Re+x0eCda7op3/qHpXb21oAw0B4/KaEr","previousCounter":0,"rootKey":"SLDrE2RS6tHch/tQR0qIcy5pLLDSu/5Pn/JKqFIGR0w="},"indexInfo":{"baseKey":"Ba4nfavVsfgRPHo9H3L0+Wap/nt4s7VYWUDYgMoLQCdx","baseKeyType":1,"closed":-1,"used":1684288976462,"created":1684288976462,"remoteIdentityKey":"BX9jLGtMwsjvtxCEAUAmjqkBXvAQPUVJp49PFAOdY+hU"},"_chains":{"BfRfVQ+zyXdLIz0Oz/pIQw5AKjInoXRHQsRVWAOiBgVc":{"chainKey":{"counter":0,"key":"7tdYb+c5TycYKfD9J9JFX209wz82eGhgHDf9WDCETno="},"chainType":1,"messageKeys":{}}},"pendingPreKey":{"signedKeyId":5,"baseKey":"Ba4nfavVsfgRPHo9H3L0+Wap/nt4s7VYWUDYgMoLQCdx","preKeyId":8259332}}},"version":"v1"}