{"_sessions":{"BTn49+5B7H+H9uyMK04PvhjE4Z86Qta48YepqZsdA5Qv":{"registrationId":259097306,"currentRatchet":{"ephemeralKeyPair":{"pubKey":"BYQk3rpa4FxvM8Z7OfTc/U2MI/EMOmoKwFSQplVpd6Ed","privKey":"8Erq4x7v6c3aOri3QhWEX8K+lGUOiwPS2JiajatXc2A="},"lastRemoteEphemeralKey":"BdGSVq7AghaRLNvFu3Khcizcz5WIcRJOoSd/RYScV74o","previousCounter":0,"rootKey":"HwevlD+/ERC+lGo3tdJFK2Xjz+WCwuo/XqMNRNsG/wI="},"indexInfo":{"baseKey":"BTn49+5B7H+H9uyMK04PvhjE4Z86Qta48YepqZsdA5Qv","baseKeyType":1,"closed":-1,"used":1684277964773,"created":1684277964773,"remoteIdentityKey":"BR91IymCHx3CCHJa6sqINkKKFJ1SpxA+cgBLZudfJv1s"},"_chains":{"BYQk3rpa4FxvM8Z7OfTc/U2MI/EMOmoKwFSQplVpd6Ed":{"chainKey":{"counter":0,"key":"jSYg5pJvA7f9Jxc6oF3m3Lv5NSe+l80lDcJWTwMpNLQ="},"chainType":1,"messageKeys":{}}},"pendingPreKey":{"signedKeyId":0,"baseKey":"BTn49+5B7H+H9uyMK04PvhjE4Z86Qta48YepqZsdA5Qv","preKeyId":10858972}}},"version":"v1"}