{"_sessions":{"BQNRRlFtz31gWgtL5v4Yp079Ogtz86Yp3QrE0hfXXI0I":{"registrationId":77963944,"currentRatchet":{"ephemeralKeyPair":{"pubKey":"Bcf0CU4l4jBzEzDof4Jy1ko3jA9MIlo2WsUl/BsNcqFj","privKey":"aMEctlBRR+4jqDJUY9ooxJTE9yeMDmi17bC6SOMuSVc="},"lastRemoteEphemeralKey":"BYDIcCYf/cfgVPJxSKM3Bjne9gCKD7D8liYxoeJspccJ","previousCounter":0,"rootKey":"t/07LqmM57srV5qgGPrdg4fj5vqLL7uENbFXv+Z1LZM="},"indexInfo":{"baseKey":"BQNRRlFtz31gWgtL5v4Yp079Ogtz86Yp3QrE0hfXXI0I","baseKeyType":1,"closed":-1,"used":1684277964049,"created":1684277964049,"remoteIdentityKey":"BUzIYmVfSWrLJNMERJN73F1fX7dk1AnBPYZTcUBq1YcF"},"_chains":{"Bcf0CU4l4jBzEzDof4Jy1ko3jA9MIlo2WsUl/BsNcqFj":{"chainKey":{"counter":0,"key":"dHG+XTkjwXPcz/ZRjm/WXfjnz0Vot3Ku4ypLnwVmoUE="},"chainType":1,"messageKeys":{}}},"pendingPreKey":{"signedKeyId":1,"baseKey":"BQNRRlFtz31gWgtL5v4Yp079Ogtz86Yp3QrE0hfXXI0I"}}},"version":"v1"}