{"_sessions":{"BRCTzOmfLf+wD1yotxZHICsEBPjd7ZSXKEIFwMj4X70C":{"registrationId":722697045,"currentRatchet":{"ephemeralKeyPair":{"pubKey":"BfQ/cFlMszRnW3IsPr5i9fNljuQaHy2VuzHbV9JCNjAM","privKey":"+DpVCpq7t4oEYsJGVOFBPN2bEQdb3uYjR3SRGWVZomU="},"lastRemoteEphemeralKey":"BQ1nutIOE/LCrGbHHnMjFZKFpJYtRdVHOhBOtPmRqDwS","previousCounter":0,"rootKey":"UxAo/NQohOjSuSUBbZ80ySePYZLG4K0VZKGjGyqs730="},"indexInfo":{"baseKey":"BRCTzOmfLf+wD1yotxZHICsEBPjd7ZSXKEIFwMj4X70C","baseKeyType":1,"closed":-1,"used":1684316933499,"created":1684316933499,"remoteIdentityKey":"BX6hkxfWlLogESt6rThuBlv+u9a5XcuUYbp7Fc1L7xh5"},"_chains":{"BfQ/cFlMszRnW3IsPr5i9fNljuQaHy2VuzHbV9JCNjAM":{"chainKey":{"counter":0,"key":"nuSwkERbKCrzIisT9Kc2h7KF7tf6xcECGMXEmqJ970c="},"chainType":1,"messageKeys":{}}},"pendingPreKey":{"signedKeyId":6,"baseKey":"BRCTzOmfLf+wD1yotxZHICsEBPjd7ZSXKEIFwMj4X70C","preKeyId":13382236}}},"version":"v1"}