{"_sessions":{"BQR2LHNX0IWNLaVc/btZz1mq81DFRfKwD9x7QAJPT+E8":{"registrationId":1361628926,"currentRatchet":{"ephemeralKeyPair":{"pubKey":"BSeMfsOdJChfMWDdA5pQJk59oXaL7fPdLwK5HRUlvj1h","privKey":"+Jp+WOUPozxB++xUcMvN113JISDNB3TS9vwetBoZHWw="},"lastRemoteEphemeralKey":"BeOMraqEAoNejpTYWos0GpcJ0KdJ3lGn7gobLWBviCM6","previousCounter":0,"rootKey":"ItybdmdUlB8Lh1mzHS+8gna28YM8t7EiAAoW7LYjK0o="},"indexInfo":{"baseKey":"BQR2LHNX0IWNLaVc/btZz1mq81DFRfKwD9x7QAJPT+E8","baseKeyType":1,"closed":-1,"used":1684283549297,"created":1684283549297,"remoteIdentityKey":"BQfyqRiMU/Tmhiyb08zBL/JXFbqvlJnf3mNvgwAELyNk"},"_chains":{"BSeMfsOdJChfMWDdA5pQJk59oXaL7fPdLwK5HRUlvj1h":{"chainKey":{"counter":5,"key":"ou3z2TXWVkWhn8aSI5CQW2J52Vg2/duRJDvsHRZzAJ4="},"chainType":1,"messageKeys":{}}},"pendingPreKey":{"signedKeyId":3,"baseKey":"BQR2LHNX0IWNLaVc/btZz1mq81DFRfKwD9x7QAJPT+E8"}}},"version":"v1"}