{"_sessions":{"BXLaXoeMjCmymBaF5p7hLY+lcn+i1lq/ov1aBNCQy1wp":{"registrationId":10475,"currentRatchet":{"ephemeralKeyPair":{"pubKey":"Bau8w5RabTMb5O+WFw6JqF87UQ43G8nD9mcN7Ocdavhl","privKey":"sPMCWM1JoAvFDzz2RcMBvZdmZAb1WUNZJE1vVhTboHE="},"lastRemoteEphemeralKey":"BcYVHo3ZQI2CbTvIoqxhWwBqyV3BSh1PSgVrcrcmS/BG","previousCounter":0,"rootKey":"8E4bvn2l5ZPFjcdp67JjSSLnsKQWIX+G+lr3F9hrcBU="},"indexInfo":{"baseKey":"BXLaXoeMjCmymBaF5p7hLY+lcn+i1lq/ov1aBNCQy1wp","baseKeyType":1,"closed":-1,"used":1684283549242,"created":1684283549242,"remoteIdentityKey":"Bf6bkv4tfdSWdwMXYuGL4CEWAH8u77O0juG9oMJscz43"},"_chains":{"Bau8w5RabTMb5O+WFw6JqF87UQ43G8nD9mcN7Ocdavhl":{"chainKey":{"counter":5,"key":"Uoz3Izufns8zxHZXekISy8IhKMKNw5D25+l5l9o1oKI="},"chainType":1,"messageKeys":{}}},"pendingPreKey":{"signedKeyId":3,"baseKey":"BXLaXoeMjCmymBaF5p7hLY+lcn+i1lq/ov1aBNCQy1wp"}}},"version":"v1"}