{"_sessions":{"BTEqpGB3HqM/4GlewCoArriPWsSqbSBddlBpqT8kkqUi":{"registrationId":416983345,"currentRatchet":{"ephemeralKeyPair":{"pubKey":"BcXoUmxQ9zTMkm7MpE6l7cT1F2QC4SSYhHmyNz294Y9m","privKey":"+AZWYpp8U5K55F5+OSrv0ms9RFMOGlDUTbtGXFK/o3k="},"lastRemoteEphemeralKey":"Bfc88IIoYtGbK3z+uRUDLLtW2yDYBMcXoLgJzU+hK7Yn","previousCounter":0,"rootKey":"v6BVERKoAcmehoVYftwakrwSs0zsnpOhWmZWNRE7zVc="},"indexInfo":{"baseKey":"BTEqpGB3HqM/4GlewCoArriPWsSqbSBddlBpqT8kkqUi","baseKeyType":1,"closed":-1,"used":1684283549284,"created":1684283549284,"remoteIdentityKey":"BdlcJGv4stNlJCFsqarkQqirX6cqR26SpGUpJsLrLehh"},"_chains":{"BcXoUmxQ9zTMkm7MpE6l7cT1F2QC4SSYhHmyNz294Y9m":{"chainKey":{"counter":5,"key":"XbGgnStBS3qvd07258VfxBr1UXzz+7rBpxYrExRbXLE="},"chainType":1,"messageKeys":{}}},"pendingPreKey":{"signedKeyId":3,"baseKey":"BTEqpGB3HqM/4GlewCoArriPWsSqbSBddlBpqT8kkqUi"}}},"version":"v1"}