{"_sessions":{"BdkWliL+x6zXWR8uiiYHx7pzEnxk6zX4fLVANoF82i5l":{"registrationId":1502990223,"currentRatchet":{"ephemeralKeyPair":{"pubKey":"BZEzBNHDi2IzUbBr1AmPIHg+EmseZw/xymYNrTJSIIsf","privKey":"IPRHXghIXgW9LSXva6dsO0Q5pu5GUSjwMlWTYs+TnlU="},"lastRemoteEphemeralKey":"Bd/PeeQWxX9Iuo2fc6f/h9Q7wcOzsdf5zsuu95rKs/dS","previousCounter":0,"rootKey":"7N4PLtsOiG8i7KlK4heq28rvbE0/ibV8NKgrGhGUgVs="},"indexInfo":{"baseKey":"BdkWliL+x6zXWR8uiiYHx7pzEnxk6zX4fLVANoF82i5l","baseKeyType":1,"closed":-1,"used":1684288976386,"created":1684288976386,"remoteIdentityKey":"BTJ05zDUaXtFT9525rFvDgJLr27S0kA7bs9YcsEbLvAi"},"_chains":{"BZEzBNHDi2IzUbBr1AmPIHg+EmseZw/xymYNrTJSIIsf":{"chainKey":{"counter":0,"key":"nKx579UL9/R7YiNbREMaz0/PIjGreCCegWeWWFBxnrU="},"chainType":1,"messageKeys":{}}},"pendingPreKey":{"signedKeyId":1,"baseKey":"BdkWliL+x6zXWR8uiiYHx7pzEnxk6zX4fLVANoF82i5l","preKeyId":6111796}}},"version":"v1"}