{"_sessions":{"BV5/EU2dQNyDbHlkqBZv+d0Xd0b80A6IKlicLIe7sY4E":{"registrationId":134475236,"currentRatchet":{"ephemeralKeyPair":{"pubKey":"BR1L82GZRR1AC+bM9qu2IkRDscSAmVWX91meLLYyiZkK","privKey":"GIbgcd06TN3fyorXnt59nSpB6JneMFFUQ/voMi2KoHs="},"lastRemoteEphemeralKey":"BT8hu6WJN4PCbuvvnP8PGqTpTIAujVoRc+sU7pO7vdk1","previousCounter":0,"rootKey":"n366B6rQjbI2npt5QuARVH2CAp7X1fVq8Tttf09j2rY="},"indexInfo":{"baseKey":"BV5/EU2dQNyDbHlkqBZv+d0Xd0b80A6IKlicLIe7sY4E","baseKeyType":1,"closed":-1,"used":1684316933520,"created":1684316933520,"remoteIdentityKey":"Bc7YGEOt3lYHJRJr5MZ3YzlCWQC+jU+4BGomRFR4xkUE"},"_chains":{"BR1L82GZRR1AC+bM9qu2IkRDscSAmVWX91meLLYyiZkK":{"chainKey":{"counter":0,"key":"12KzF2oDyYJFJIQZnSBR1ZdkLRcndnobT3MbknxXGII="},"chainType":1,"messageKeys":{}}},"pendingPreKey":{"signedKeyId":7,"baseKey":"BV5/EU2dQNyDbHlkqBZv+d0Xd0b80A6IKlicLIe7sY4E","preKeyId":7328832}}},"version":"v1"}