{"_sessions":{"Bc98mYVBAIbfEccErvfYn/OV1D0jY0b+7FeSjwYPKg13":{"registrationId":145,"currentRatchet":{"ephemeralKeyPair":{"pubKey":"BRgBPpXPMoUA62YySZrPDnybZrM5XElzCpN5qZ1qSCJa","privKey":"YAZl1uWrMWuYOnyjcyZglbWdyR3qsI6mel5zN0ppIn8="},"lastRemoteEphemeralKey":"Be3PucoolOvL4syxynYVmkyhHGVqBZ5iq2wb322G9Pkk","previousCounter":0,"rootKey":"tvPr6lMlNkTE+xcJvceQz0G39yhiWaKPK1KArPT5oHA="},"indexInfo":{"baseKey":"Bc98mYVBAIbfEccErvfYn/OV1D0jY0b+7FeSjwYPKg13","baseKeyType":1,"closed":-1,"used":1684277963788,"created":1684277963788,"remoteIdentityKey":"BbGg3wJvIfPNQ4spLst4gRcHD0tyw8DkpjfVLAgerCIu"},"_chains":{"BRgBPpXPMoUA62YySZrPDnybZrM5XElzCpN5qZ1qSCJa":{"chainKey":{"counter":0,"key":"O4+FzkfU8t9yMJbjCytB/zoBb+Rz/ugPFTWqggMu+X0="},"chainType":1,"messageKeys":{}}},"pendingPreKey":{"signedKeyId":1,"baseKey":"Bc98mYVBAIbfEccErvfYn/OV1D0jY0b+7FeSjwYPKg13"}}},"version":"v1"}