{"_sessions":{"BQJDwC1W1A8CVsRbsCHAVzPsI7O/4nUFHacReFnAiRgq":{"registrationId":159,"currentRatchet":{"ephemeralKeyPair":{"pubKey":"BT3EWuBgjfVirRi1679Gt1y5BnfuxB7CNrf3FnFrjWp2","privKey":"4CI2YOUl7mUIHpU22rYgAXtmrWNj1EiBXf0Ut3Wm0Vk="},"lastRemoteEphemeralKey":"BdtwAseTxfYawll4s1SAvkSA6h8dwwzlyUCrBHPiRPwf","previousCounter":0,"rootKey":"Iteq55cA8rm8uTR0pYZ5WtHgvVBYbVzO8ZQfHsfPYhM="},"indexInfo":{"baseKey":"BQJDwC1W1A8CVsRbsCHAVzPsI7O/4nUFHacReFnAiRgq","baseKeyType":1,"closed":-1,"used":1684277963797,"created":1684277963797,"remoteIdentityKey":"BRjF6ezfGsFoZRvjTmTuk6IhzNiP2zNUeeqE9DwPBPww"},"_chains":{"BT3EWuBgjfVirRi1679Gt1y5BnfuxB7CNrf3FnFrjWp2":{"chainKey":{"counter":0,"key":"ZPGkHaKSPW0nkSNiRf/KG4fHZ07Ife43dFugkjP47I0="},"chainType":1,"messageKeys":{}}},"pendingPreKey":{"signedKeyId":1,"baseKey":"BQJDwC1W1A8CVsRbsCHAVzPsI7O/4nUFHacReFnAiRgq"}}},"version":"v1"}