{"_sessions":{"BQDIIhr0Vej88swSL752I95EFpBWKT3nBfTxZac+BYdt":{"registrationId":1341984043,"currentRatchet":{"ephemeralKeyPair":{"pubKey":"BceXTDmdPBlK8V1vUoVEOO3+UNebdL8OfZuTkA6HoVti","privKey":"OKIPw1asbeu8ONB05V5VI9477T/Fz7pQrNiRGerXS18="},"lastRemoteEphemeralKey":"BZSMFuF7Cipf2sDW4sENc7aNHWuxPyV+e2fAJ5+BPxBp","previousCounter":0,"rootKey":"3Pw0le5ky0aMBJd+/hiYWg1TMQzv5Mn1B9Rf8537xEE="},"indexInfo":{"baseKey":"BQDIIhr0Vej88swSL752I95EFpBWKT3nBfTxZac+BYdt","baseKeyType":1,"closed":-1,"used":1684277964743,"created":1684277964743,"remoteIdentityKey":"BZg38U9Uw56zUPQqY8Po46B/+DTk5tZ7kWsUzAnxrg0+"},"_chains":{"BceXTDmdPBlK8V1vUoVEOO3+UNebdL8OfZuTkA6HoVti":{"chainKey":{"counter":0,"key":"SFlWy469eqEWSipoWQBMNlqVyqOCGTe00CJxk/KBda4="},"chainType":1,"messageKeys":{}}},"pendingPreKey":{"signedKeyId":1,"baseKey":"BQDIIhr0Vej88swSL752I95EFpBWKT3nBfTxZac+BYdt"}}},"version":"v1"}