{"_sessions":{"BRCv3Ba/mHPlZmIjoVUmIIUI8wRIN/tpp7p9jfzbPLII":{"registrationId":51,"currentRatchet":{"ephemeralKeyPair":{"pubKey":"BXDdB7bKhPGYKxS2Li0UwO5DTq28hlBE1JykeWPHTJp2","privKey":"WL4f2hNWWcXVc66u9nFgxGKcnq2GFsvaKqtFS0mWO1Y="},"lastRemoteEphemeralKey":"BeFluI0tag13XuQJ4ejVLRK4W540Bo4HNVjYVjegLmcF","previousCounter":0,"rootKey":"7e84TqDI6X9MJxRi39uguLrKBHxYNHxHALvj3byio68="},"indexInfo":{"baseKey":"BRCv3Ba/mHPlZmIjoVUmIIUI8wRIN/tpp7p9jfzbPLII","baseKeyType":1,"closed":-1,"used":1684277964537,"created":1684277964537,"remoteIdentityKey":"BfI3a6uN2Cb/WkRdGxoAt3LKOD3CqA1vLqI7UiYW0nlB"},"_chains":{"BXDdB7bKhPGYKxS2Li0UwO5DTq28hlBE1JykeWPHTJp2":{"chainKey":{"counter":0,"key":"ZnoorJL/pLrTpqL4+n+g3njgCGfw94gKrUmdExyomLE="},"chainType":1,"messageKeys":{}}},"pendingPreKey":{"signedKeyId":1,"baseKey":"BRCv3Ba/mHPlZmIjoVUmIIUI8wRIN/tpp7p9jfzbPLII","preKeyId":186}}},"version":"v1"}