{"_sessions":{"BQpdZe3IFhoaRGm/mYTHs4dD8sDihLDucZ1GruS43QI4":{"registrationId":359554349,"currentRatchet":{"ephemeralKeyPair":{"pubKey":"BWoATF3i/ifnV+5QSruSmyGMyOdJ/EcmsaC+DEcx/YUf","privKey":"mFwsnEM7ZqSd30Zal7JMrh6++TaORh7QYiqbuq9QnU8="},"lastRemoteEphemeralKey":"BdCsf+eSPNlao0//APsjIgjJQySX8nO3gphLE3xvPTsQ","previousCounter":0,"rootKey":"YWd+e4CXc0+uGDNHR8UL8oeOrE1elAL1FQngLDeoJFo="},"indexInfo":{"baseKey":"BQpdZe3IFhoaRGm/mYTHs4dD8sDihLDucZ1GruS43QI4","baseKeyType":1,"closed":-1,"used":1684277964724,"created":1684277964724,"remoteIdentityKey":"BfIJZoG5MF2dNU5HYFoAJncz0lzQn/KviIZ+Pv0OPpBz"},"_chains":{"BWoATF3i/ifnV+5QSruSmyGMyOdJ/EcmsaC+DEcx/YUf":{"chainKey":{"counter":0,"key":"CKQml49bU5OvNPLE6YFLmUr2Qshnx9ZtPl8D+jvAqns="},"chainType":1,"messageKeys":{}}},"pendingPreKey":{"signedKeyId":0,"baseKey":"BQpdZe3IFhoaRGm/mYTHs4dD8sDihLDucZ1GruS43QI4"}}},"version":"v1"}