{"_sessions":{"BUM05BrIMY4g6+JWNbT2wQp6RISzfy1dPLhrv+ttLOd7":{"registrationId":950873033,"currentRatchet":{"ephemeralKeyPair":{"pubKey":"BcVqCKPBKa4kzfABYCG0A+QO7ITLejUvkZyWmw9k5J4W","privKey":"UDQpMf1tYMF2DGe3dTQaXTdoeMyHKFa+0F5sWP+ubVM="},"lastRemoteEphemeralKey":"BZl4e3gzSm6s3xTV1G9LiL+7Yi9fkGShDCU+n3eQCjlI","previousCounter":0,"rootKey":"3fWISjqp5XbmfGSd6VT2KXd+Ri009YnzA/0p9U5xKww="},"indexInfo":{"baseKey":"BUM05BrIMY4g6+JWNbT2wQp6RISzfy1dPLhrv+ttLOd7","baseKeyType":1,"closed":-1,"used":1684277964679,"created":1684277964679,"remoteIdentityKey":"BWDpgTHL/6aELo2xk+hv1kbrBgETJjykhLPjJi2X0rgj"},"_chains":{"BcVqCKPBKa4kzfABYCG0A+QO7ITLejUvkZyWmw9k5J4W":{"chainKey":{"counter":0,"key":"lnZkoLlII7UOKkQHNLujy1yKpltxC1UO1jvg1NAYxcY="},"chainType":1,"messageKeys":{}}},"pendingPreKey":{"signedKeyId":2,"baseKey":"BUM05BrIMY4g6+JWNbT2wQp6RISzfy1dPLhrv+ttLOd7"}}},"version":"v1"}