{"_sessions":{"BRIDn9vHz6RBMrSfbERkoZ1RGOBiZUxgJ/58qlZUQl55":{"registrationId":1359457056,"currentRatchet":{"ephemeralKeyPair":{"pubKey":"BTLPQypsgAgdPznEtvmM+JTRt4NKBiEtKIIufu6DL3o8","privKey":"kGJ9O5Crzotlsv7wgLNCVHM1I0bX5YEjjRFD9g9aanc="},"lastRemoteEphemeralKey":"BbF0q3eAUOMzCaAhBOte6oEB1eYsBlW/9ggihBqzHukO","previousCounter":0,"rootKey":"Wonv3nSXMOHxeLMmAekXmIBYy70OFWmLOAxloKwUhD0="},"indexInfo":{"baseKey":"BRIDn9vHz6RBMrSfbERkoZ1RGOBiZUxgJ/58qlZUQl55","baseKeyType":1,"closed":-1,"used":1684277964675,"created":1684277964675,"remoteIdentityKey":"BRDrR0xCrP2yLLEyXTY+EubPdMOJMOyc3kmXm88Z99RU"},"_chains":{"BTLPQypsgAgdPznEtvmM+JTRt4NKBiEtKIIufu6DL3o8":{"chainKey":{"counter":0,"key":"9zTQONKYbYXQnZZmYd5TpgG3bdJqYvHNGT3d0D+n/A4="},"chainType":1,"messageKeys":{}}},"pendingPreKey":{"signedKeyId":1,"baseKey":"BRIDn9vHz6RBMrSfbERkoZ1RGOBiZUxgJ/58qlZUQl55","preKeyId":4553710}}},"version":"v1"}