{"_sessions":{"BQyYoe1Z3XLr8yPEogr/kjnugXkSJ5nzHn8DHMFHqLZA":{"registrationId":1084399712,"currentRatchet":{"ephemeralKeyPair":{"pubKey":"BRct4SOi72ancRBuglmjFOy3/pPATVHsZgqJLFus+xwY","privKey":"gG2LLdRMPhOrB99AB9MmeXDb7NpvS5PXM4jnYK0ay2A="},"lastRemoteEphemeralKey":"BTvp3R8OLJFj9tl42wt2Ct6pJvJ0G1vLmH+dHRAlqv0Z","previousCounter":0,"rootKey":"iTSvE4n41biJxQ+JIjRPgr/GmAfvGp8NpGUIcZzqYq8="},"indexInfo":{"baseKey":"BQyYoe1Z3XLr8yPEogr/kjnugXkSJ5nzHn8DHMFHqLZA","baseKeyType":1,"closed":1684274132111,"used":1684274084015,"created":1684274084015,"remoteIdentityKey":"BbQhSdrNjDIeAiK1T96sG+1UWpuzLlQ5+VvXVi+Dssth"},"_chains":{"BRct4SOi72ancRBuglmjFOy3/pPATVHsZgqJLFus+xwY":{"chainKey":{"counter":0,"key":"vM2fZev094bGWBhYbnieyMPxmFjK86qDlQr0btl33sU="},"chainType":1,"messageKeys":{}}},"pendingPreKey":{"signedKeyId":1,"baseKey":"BQyYoe1Z3XLr8yPEogr/kjnugXkSJ5nzHn8DHMFHqLZA","preKeyId":8330341}},"BQqQcRQsasvZckzspFeVM8gWGVIhxImoO1rT2CEiEZk7":{"registrationId":1084399712,"currentRatchet":{"ephemeralKeyPair":{"pubKey":"Bf3K/xP3tSsI9DRM/JWMLm/S30gyOp4KZmtojUxlZMsh","privKey":"mL0uLuva0f1Pd6oPsdkz8rbkPQKUjp3siEpqTmBO/Vs="},"lastRemoteEphemeralKey":"BTvp3R8OLJFj9tl42wt2Ct6pJvJ0G1vLmH+dHRAlqv0Z","previousCounter":0,"rootKey":"xNaoN5yKZr9d0HaGSV3lolxxc7kDJRFnS7UKfLV+Qkc="},"indexInfo":{"baseKey":"BQqQcRQsasvZckzspFeVM8gWGVIhxImoO1rT2CEiEZk7","baseKeyType":1,"closed":-1,"used":1684274132104,"created":1684274132104,"remoteIdentityKey":"BbQhSdrNjDIeAiK1T96sG+1UWpuzLlQ5+VvXVi+Dssth"},"_chains":{"Bf3K/xP3tSsI9DRM/JWMLm/S30gyOp4KZmtojUxlZMsh":{"chainKey":{"counter":0,"key":"6jHcFBkQC8ywlXTPGTI2S0jH8UZGxb7eg+lLywtiOBU="},"chainType":1,"messageKeys":{}}},"pendingPreKey":{"signedKeyId":1,"baseKey":"BQqQcRQsasvZckzspFeVM8gWGVIhxImoO1rT2CEiEZk7","preKeyId":8330577}}},"version":"v1"}