{"_sessions":{"BU6WR8XvxSbiCGxYP5SbEeedrJyw8IapVKbtLxkUnh1+":{"registrationId":179,"currentRatchet":{"ephemeralKeyPair":{"pubKey":"BVj50BBoNCQ+/1Pbq7jyAEYuPixc1m9lC/QU7X8XsokJ","privKey":"kMyBE8IP9WHXj9CLBK52ifdayE/d+u4NOzOgBfm19V4="},"lastRemoteEphemeralKey":"BaItPGUNF0KT2PmjqSdDNiuRWfDe2H8n82yM74bNcMYy","previousCounter":0,"rootKey":"azTUPVEZ7V6NURIlYWtW4ypfl7oul4Ol1qUb9expObk="},"indexInfo":{"baseKey":"BU6WR8XvxSbiCGxYP5SbEeedrJyw8IapVKbtLxkUnh1+","baseKeyType":1,"closed":-1,"used":1684277963877,"created":1684277963877,"remoteIdentityKey":"BYY9quIhJqei4YbRd+ny76m5ND18dl9XlGZkn+6vmOVl"},"_chains":{"BVj50BBoNCQ+/1Pbq7jyAEYuPixc1m9lC/QU7X8XsokJ":{"chainKey":{"counter":0,"key":"HTp8tKQ9rCFdY9v8a+qBWaTDXTlZluQ/WzpO9znVq2Q="},"chainType":1,"messageKeys":{}}},"pendingPreKey":{"signedKeyId":1,"baseKey":"BU6WR8XvxSbiCGxYP5SbEeedrJyw8IapVKbtLxkUnh1+"}}},"version":"v1"}