{"_sessions":{"BUIYVQ9bQRQHnJCWOtxL6XNDYCENbUo5gKogf2Pab1U3":{"registrationId":1428037828,"currentRatchet":{"ephemeralKeyPair":{"pubKey":"BY9reuK1rQ4RB23UeqHWrIcyOWiBbI1EwHIXkjSs4cpC","privKey":"iPwLTEE53Mna8BJQ0ltTNi10dJahWJGVrIKn6BupulU="},"lastRemoteEphemeralKey":"BSD4okHM/PhlUqYx80xczl6Ppxek3D53yqCidDYLWOJC","previousCounter":0,"rootKey":"REVMz65xeCVJiW1gOnP5Bfk8RS/HChFukZZly9b9d2k="},"indexInfo":{"baseKey":"BUIYVQ9bQRQHnJCWOtxL6XNDYCENbUo5gKogf2Pab1U3","baseKeyType":1,"closed":-1,"used":1684277964753,"created":1684277964753,"remoteIdentityKey":"BbkdNTAJKOv3cOrwjt+H4vDuP1ozlIpfgWLU/GsW9LZi"},"_chains":{"BY9reuK1rQ4RB23UeqHWrIcyOWiBbI1EwHIXkjSs4cpC":{"chainKey":{"counter":0,"key":"xve3iF3Xx4QNVkn/3R197F/y7xS5ESZMAyfPT33ufkE="},"chainType":1,"messageKeys":{}}},"pendingPreKey":{"signedKeyId":0,"baseKey":"BUIYVQ9bQRQHnJCWOtxL6XNDYCENbUo5gKogf2Pab1U3","preKeyId":14228262}}},"version":"v1"}