{"_sessions":{"BX/YpGmeWsdEL90trjXiFOqp70F1tNWvYvLcBqa5bsFp":{"registrationId":202,"currentRatchet":{"ephemeralKeyPair":{"pubKey":"BV94Rafaf/um6ZVjpCHGkf2P3QcF89beWAvv4hhZ7akH","privKey":"2K1w4hXCR6OBQ9doM2QC5yRBZc3M+P/2IDT93pj0EGE="},"lastRemoteEphemeralKey":"BQUglDRELjFhZz3O/3FtqS4KveIFVWG8U510drUu0yVj","previousCounter":0,"rootKey":"MGkrSxcqTMWtTNFsFAExZ5JAaEWVi3QrXKTrk6Phb5g="},"indexInfo":{"baseKey":"BX/YpGmeWsdEL90trjXiFOqp70F1tNWvYvLcBqa5bsFp","baseKeyType":1,"closed":-1,"used":1684277963807,"created":1684277963807,"remoteIdentityKey":"BeDQLQKA2HQH5Jy8EXUlNwVCTc/HWq8kx1PfGPdGh58J"},"_chains":{"BV94Rafaf/um6ZVjpCHGkf2P3QcF89beWAvv4hhZ7akH":{"chainKey":{"counter":0,"key":"JTgyqN1YDpeHK3CCn32Or8cot2CPP/U77iiq7mnubbc="},"chainType":1,"messageKeys":{}}},"pendingPreKey":{"signedKeyId":1,"baseKey":"BX/YpGmeWsdEL90trjXiFOqp70F1tNWvYvLcBqa5bsFp"}}},"version":"v1"}