{"_sessions":{"BUh5pfGjxOy3YTjsdlA5nHPVJZrPQWIwycdZ/1eo11oh":{"registrationId":1246471381,"currentRatchet":{"ephemeralKeyPair":{"pubKey":"BXpsaJgBKlux/RWsjB5micdq3uhUwu1jZqfwYiMrRwMg","privKey":"YGnWNH4Zj+gEB/W73kmacsoZJC587Z7x9+Gi2lq0bkA="},"lastRemoteEphemeralKey":"BcGNQAEK2cHcR6hvJfj2YSY8aipvIww73eH2lCyF0I8x","previousCounter":0,"rootKey":"HNg7Wy9HCVtRUymayMRJcIi7hFHj87bkg6LD9xTXLuM="},"indexInfo":{"baseKey":"BUh5pfGjxOy3YTjsdlA5nHPVJZrPQWIwycdZ/1eo11oh","baseKeyType":1,"closed":-1,"used":1684316933488,"created":1684316933488,"remoteIdentityKey":"BR42/DxBdN72SZrM5wN/E4Fc4Sy3kSuAhmJx5xmrrIQu"},"_chains":{"BXpsaJgBKlux/RWsjB5micdq3uhUwu1jZqfwYiMrRwMg":{"chainKey":{"counter":0,"key":"4dpFhzveMslaJZPuhvsVi5zlganf8JWZogKGNlZ0adk="},"chainType":1,"messageKeys":{}}},"pendingPreKey":{"signedKeyId":6,"baseKey":"BUh5pfGjxOy3YTjsdlA5nHPVJZrPQWIwycdZ/1eo11oh","preKeyId":11479721}}},"version":"v1"}