{"_sessions":{"BQUSKjc2iAqB/1WeXyIcP9LEymCmBb3y9GorR02UiTVu":{"registrationId":1603591053,"currentRatchet":{"ephemeralKeyPair":{"pubKey":"BZJESzrqeV7nQUgOtivEzmxBauvOQx3oH86w6ng6Gq5T","privKey":"2F1FMmrRrUMdhMFmtLUaCdNgVA2gax1ata3yiDDJ6kk="},"lastRemoteEphemeralKey":"BahXib9iHQvG3fvr18UUy43SlmKenqvT64CMIa9CBBc7","previousCounter":0,"rootKey":"+vxe5rU+Uoixd2I9uZHV1Zll81zVtPop5Y5b/YkgDJo="},"indexInfo":{"baseKey":"BQUSKjc2iAqB/1WeXyIcP9LEymCmBb3y9GorR02UiTVu","baseKeyType":1,"closed":-1,"used":1684288976491,"created":1684288976491,"remoteIdentityKey":"Ba5jlD0X/2YEGGYakw5IE3AMtVBYqfsiYg0nKXdy9y5D"},"_chains":{"BZJESzrqeV7nQUgOtivEzmxBauvOQx3oH86w6ng6Gq5T":{"chainKey":{"counter":0,"key":"W/zW2Tux8nuKKgpBZA6XpwivwZmFhAV4lqN/nsvKA6M="},"chainType":1,"messageKeys":{}}},"pendingPreKey":{"signedKeyId":2,"baseKey":"BQUSKjc2iAqB/1WeXyIcP9LEymCmBb3y9GorR02UiTVu","preKeyId":8518368}}},"version":"v1"}