{"_sessions":{"BbA6kLuSwoYzm414PcKIwLKsyA5b9M2XJHxroGDuorc4":{"registrationId":1114815952,"currentRatchet":{"ephemeralKeyPair":{"pubKey":"BZ9nPu7gooAqPM0AVjK8dNFhA8oepJYBgMY145t7tSAu","privKey":"4K+A/IiRH5etNAR7oFHbL3BWwN91e552YnijdxHeNVM="},"lastRemoteEphemeralKey":"BSJj9lHAaEX/RP+w+zSoFSWj2KIsuKYddR5HfMsf7wUl","previousCounter":0,"rootKey":"7tHRML9rBGgVSGapYewnZStsq4NrXo/6Z21UvOT3rHg="},"indexInfo":{"baseKey":"BbA6kLuSwoYzm414PcKIwLKsyA5b9M2XJHxroGDuorc4","baseKeyType":1,"closed":-1,"used":1684277964758,"created":1684277964758,"remoteIdentityKey":"BWscd2Lhu9h0Zx8lF9enCmmgnO8IMxFx4DwftdnOIkof"},"_chains":{"BZ9nPu7gooAqPM0AVjK8dNFhA8oepJYBgMY145t7tSAu":{"chainKey":{"counter":0,"key":"SzKX4g2gUvsUm1BrM25MJG7YjqFp3cPzJXGHvAEqFcs="},"chainType":1,"messageKeys":{}}},"pendingPreKey":{"signedKeyId":6,"baseKey":"BbA6kLuSwoYzm414PcKIwLKsyA5b9M2XJHxroGDuorc4","preKeyId":9009906}}},"version":"v1"}