{"_sessions":{"BWKhfMpAo88vzsvupR50r0O90t/gwODUkJStPTnyPV92":{"registrationId":13121,"currentRatchet":{"ephemeralKeyPair":{"pubKey":"BbK++ahHm5Nx6ekp/y6fY9KLz25qGk3F+qRZf5BVGFAn","privKey":"gCbb/VvkHuWXdbgpAdB8Qnhg8/jVE0vZHAama7uXAGo="},"lastRemoteEphemeralKey":"BXFM3MAJO86AvfojqC37mKRJ70aQl5Nl9Ci30jRstFwc","previousCounter":0,"rootKey":"5rWEks4GYRTqYuLyzbpq4q95fKzGDrxhZ2DVlktwH6s="},"indexInfo":{"baseKey":"BWKhfMpAo88vzsvupR50r0O90t/gwODUkJStPTnyPV92","baseKeyType":1,"closed":-1,"used":1684277963802,"created":1684277963802,"remoteIdentityKey":"BdKTPyzxjSRxIP5LNYADo+1SiwRBM/Tq0QPddACbPu5N"},"_chains":{"BbK++ahHm5Nx6ekp/y6fY9KLz25qGk3F+qRZf5BVGFAn":{"chainKey":{"counter":0,"key":"vkWvIG+Jo7i4FTDzK9lqVaVGUvrPNoA9EDMU7yRGYBM="},"chainType":1,"messageKeys":{}}},"pendingPreKey":{"signedKeyId":1,"baseKey":"BWKhfMpAo88vzsvupR50r0O90t/gwODUkJStPTnyPV92"}}},"version":"v1"}