{"_sessions":{"Bdm39rxn0D2VyinM23a9J/C2CHu2QZoJ4qxAZtqFWNk/":{"registrationId":1370041566,"currentRatchet":{"ephemeralKeyPair":{"pubKey":"BbAb5u9g7Gx+GysuAzk9eDzxiM2LCo8gJA/p2WIBQQty","privKey":"SOaUmkIkkOmD+JhxbgDBcsn1DpPuS1acThy67ak1X3Q="},"lastRemoteEphemeralKey":"BTnQggx4AkhR/HJo/WN4KCLEBS4jjEmezTI65dOxIjJ4","previousCounter":0,"rootKey":"IrEzqO/k6pn5Ec3hzC2ddzQv5p6wwnv+QQYWCgJyx/k="},"indexInfo":{"baseKey":"Bdm39rxn0D2VyinM23a9J/C2CHu2QZoJ4qxAZtqFWNk/","baseKeyType":1,"closed":-1,"used":1684277964666,"created":1684277964666,"remoteIdentityKey":"BUnq7UMuFwuglLyYJP4Wjg3IWa7cUMecpRah+bDCRFAV"},"_chains":{"BbAb5u9g7Gx+GysuAzk9eDzxiM2LCo8gJA/p2WIBQQty":{"chainKey":{"counter":0,"key":"38sNYX1ZQr5Gdw53KyiZyzyQNuWYBE8TtIb+nrk+hEg="},"chainType":1,"messageKeys":{}}},"pendingPreKey":{"signedKeyId":0,"baseKey":"Bdm39rxn0D2VyinM23a9J/C2CHu2QZoJ4qxAZtqFWNk/","preKeyId":2770567}}},"version":"v1"}