{"_sessions":{"BWS98iNk75tUk41iyYWRAmP1wRmZJj21tjAI/9UMB1g3":{"registrationId":1008497961,"currentRatchet":{"ephemeralKeyPair":{"pubKey":"BU2TUBvwO//tBUO/3wC6VSy18GIlhsZhlaMsg0qEJxwG","privKey":"SNrxPIFDhmJUEvqbTejgCJK47xozQrXcEov/DFqL+1I="},"lastRemoteEphemeralKey":"BWZbsXK8qFpyIa/FxeLbsHHuMyG1BCP9nJTlFONs/GRs","previousCounter":0,"rootKey":"tNymd5QFMfXLHHUifeBP9rp1VRUBNTeRV4jiIou5q6c="},"indexInfo":{"baseKey":"BWS98iNk75tUk41iyYWRAmP1wRmZJj21tjAI/9UMB1g3","baseKeyType":1,"closed":-1,"used":1684277963626,"created":1684277963626,"remoteIdentityKey":"BQw9kjUCfFHPOj3DogJ8v0VxpvbHpNriyDrMsrEGXtAH"},"_chains":{"BU2TUBvwO//tBUO/3wC6VSy18GIlhsZhlaMsg0qEJxwG":{"chainKey":{"counter":0,"key":"KnaEsvrV/3YkGhi3GGCtVZKPgHRRx1H1uD7dRpqoRDs="},"chainType":1,"messageKeys":{}}},"pendingPreKey":{"signedKeyId":1,"baseKey":"BWS98iNk75tUk41iyYWRAmP1wRmZJj21tjAI/9UMB1g3","preKeyId":9666146}}},"version":"v1"}