{"_sessions":{"BXgjk4X4HS2PUBK6ZSQwOP2iFFFj3PL0vJQjQXLFmm1g":{"registrationId":701222369,"currentRatchet":{"ephemeralKeyPair":{"pubKey":"BcoJ0SZJa6OeptxQ9pWZHpTZ44uXleG06HLNfGR/dIgU","privKey":"CJ0j7dlt3eRCy02BdzgaCDdkXU2ca8kFDRydIDvSdEk="},"lastRemoteEphemeralKey":"BcfPB5JMx0S8E9BYDAhgJKblpIRVg3hWX/iST9cT1sd5","previousCounter":0,"rootKey":"Y5Z/1K5WjwfV29l/IzyZ8NqCT8v1ssvtv70nXlR36UA="},"indexInfo":{"baseKey":"BXgjk4X4HS2PUBK6ZSQwOP2iFFFj3PL0vJQjQXLFmm1g","baseKeyType":1,"closed":-1,"used":1684277964695,"created":1684277964695,"remoteIdentityKey":"BRPZMcNR+1Br/Pq7wHiGvPVPulELsU4zcsq0HSXlsM4C"},"_chains":{"BcoJ0SZJa6OeptxQ9pWZHpTZ44uXleG06HLNfGR/dIgU":{"chainKey":{"counter":0,"key":"IXdgugAA3sYweWMCAPXDFyKPvTfEHdZ3LN31ChnniWc="},"chainType":1,"messageKeys":{}}},"pendingPreKey":{"signedKeyId":0,"baseKey":"BXgjk4X4HS2PUBK6ZSQwOP2iFFFj3PL0vJQjQXLFmm1g","preKeyId":7983328}}},"version":"v1"}