{"_sessions":{"BYsU2NsHwWKLHB+fKfWZj5geh8LvC8+PJxrZjDu5Dvhj":{"registrationId":263,"currentRatchet":{"ephemeralKeyPair":{"pubKey":"BSX/8peetPHtzbQNCli7tcOTQG7Wzbm1vSUjTQ9EBcpK","privKey":"6EfkTsCT/r6kcP796FugjMQdbr3r1k4ZwT0GsSs71l4="},"lastRemoteEphemeralKey":"BYos0piE3r+Z6ZdARBjHQajcLilf3p8I0b+WyTZWJ4Zb","previousCounter":0,"rootKey":"/WqNaJ2lN5VBFYBg0Dub8kAlevDmoldNKlpOEEWBexo="},"indexInfo":{"baseKey":"BYsU2NsHwWKLHB+fKfWZj5geh8LvC8+PJxrZjDu5Dvhj","baseKeyType":1,"closed":-1,"used":1684316933414,"created":1684316933414,"remoteIdentityKey":"BdahXbAuun1bbGb6S63K8FSOpHLCiAiqRR2k49y7Qph0"},"_chains":{"BSX/8peetPHtzbQNCli7tcOTQG7Wzbm1vSUjTQ9EBcpK":{"chainKey":{"counter":0,"key":"iZ+smNlyt3Q4o7MZnv34NL6HcbEfuT/B9+NPnfqvC34="},"chainType":1,"messageKeys":{}}},"pendingPreKey":{"signedKeyId":1,"baseKey":"BYsU2NsHwWKLHB+fKfWZj5geh8LvC8+PJxrZjDu5Dvhj","preKeyId":3392}}},"version":"v1"}