{"_sessions":{"BaTNEk/NolZMSr7/3niF6RNU7S29mlW7ACXY4talAYxT":{"registrationId":110,"currentRatchet":{"ephemeralKeyPair":{"pubKey":"BZLysoTpV8jQGA/d9C5iname6tv6k7zqZZrVGM2ollF6","privKey":"qNRRBaOJbPml8OKtbmRACEdBnRP1tIFHE5rjk2EHUHE="},"lastRemoteEphemeralKey":"BfKAAc2ByRkVJtNFMhMEEc6qkWMtG9bMZRrMhtZeQ4l2","previousCounter":0,"rootKey":"2KCVe5soI9RJWfQaCYB7AlFG7QOmkZvqu6uOI+pOAac="},"indexInfo":{"baseKey":"BaTNEk/NolZMSr7/3niF6RNU7S29mlW7ACXY4talAYxT","baseKeyType":1,"closed":-1,"used":1684277964513,"created":1684277964513,"remoteIdentityKey":"BV3zN+GMhhcRWcKbSwTZLwWvvrl+mnx5Fs2TPHEVe+QP"},"_chains":{"BZLysoTpV8jQGA/d9C5iname6tv6k7zqZZrVGM2ollF6":{"chainKey":{"counter":0,"key":"NP95oAGQ8cwOL7liXlPUOGMLnyB8lkkMeYs+qaX33NE="},"chainType":1,"messageKeys":{}}},"pendingPreKey":{"signedKeyId":1,"baseKey":"BaTNEk/NolZMSr7/3niF6RNU7S29mlW7ACXY4talAYxT"}}},"version":"v1"}