{"_sessions":{"BZzETIs8bLM7IyaVceOzmuqgTeelCaCniFOR8pyM9I4f":{"registrationId":891539093,"currentRatchet":{"ephemeralKeyPair":{"pubKey":"BaKBIwYY08Mo5B2ROFNpz22T8cSZBUhRMczgd7fAZAJf","privKey":"gKVAf58R79aisF6JczjIHKM51+3e/YotYgjLShrAIm8="},"lastRemoteEphemeralKey":"BaFtYra7/dDyeLEWqTWS2g9qpS1FGYKKPu4PWwhxF5BU","previousCounter":0,"rootKey":"eMgch3ChD8kMfY0UODSkNcx+I31tW3wYmSGq3+5owbg="},"indexInfo":{"baseKey":"BZzETIs8bLM7IyaVceOzmuqgTeelCaCniFOR8pyM9I4f","baseKeyType":1,"closed":-1,"used":1684277964656,"created":1684277964656,"remoteIdentityKey":"BbXIhxWx3Nb7XLcdUHUJjefefXZ+fSp8/KU5p99eC6tA"},"_chains":{"BaKBIwYY08Mo5B2ROFNpz22T8cSZBUhRMczgd7fAZAJf":{"chainKey":{"counter":0,"key":"xDA5TPxEccHUqT+shFwuA+IqMx9HFG7TG4HT4AABhd4="},"chainType":1,"messageKeys":{}}},"pendingPreKey":{"signedKeyId":1,"baseKey":"BZzETIs8bLM7IyaVceOzmuqgTeelCaCniFOR8pyM9I4f","preKeyId":4438801}}},"version":"v1"}