{"_sessions":{"BdDi5tW/PmGO8T54rhDuT1KkA2SWmNAcNv+NM5Ok9Kpa":{"registrationId":1913958262,"currentRatchet":{"ephemeralKeyPair":{"pubKey":"Bblb/X5XzUDpjHlxzCtGSBiPhpNnSOMg5Vu9hVUA1JRJ","privKey":"cIv5gbx3f4CNyC565xuzN0RMS3IdP/p+TumSpy4dIGc="},"lastRemoteEphemeralKey":"BUTqDnVLWsO01E9uS2PfYJty31AGHZ1cDgp3o7XiPU8i","previousCounter":0,"rootKey":"kh4AAPAL3SDWvFgyY4hU26oZ+8d2YKTB2DZqXnh5YN4="},"indexInfo":{"baseKey":"BdDi5tW/PmGO8T54rhDuT1KkA2SWmNAcNv+NM5Ok9Kpa","baseKeyType":1,"closed":-1,"used":1684283549319,"created":1684283549319,"remoteIdentityKey":"BZrhK96cIx8FyXEuxbUlUvY0Y/btjt5vtAjfyNWfi6FY"},"_chains":{"Bblb/X5XzUDpjHlxzCtGSBiPhpNnSOMg5Vu9hVUA1JRJ":{"chainKey":{"counter":5,"key":"do1Effa7LNSMjczBIuWXBQtiAHy0gZxRmthrxYxxyBo="},"chainType":1,"messageKeys":{}}},"pendingPreKey":{"signedKeyId":2,"baseKey":"BdDi5tW/PmGO8T54rhDuT1KkA2SWmNAcNv+NM5Ok9Kpa"}}},"version":"v1"}