{"_sessions":{"BSk8AUDseUrrO7FFKM2V2y/AAXdQb9/pNUQ88rqxmSIj":{"registrationId":107352359,"currentRatchet":{"ephemeralKeyPair":{"pubKey":"BVYQEdCZ3tsoD6BOJziv0YL9Y/ubKGOuA5KrzDnHVyUM","privKey":"kCeyDe6C3fulbKrQ6B3iE8TJin1tRa1/xsts5LTsh3E="},"lastRemoteEphemeralKey":"BcalULoHlnl21l2iRlJc/kI7dxsUdovZHqu0UjJzfjRL","previousCounter":0,"rootKey":"M/oHZQobz8xe8WDdT+ZsgTj93GCUggqK49hNdSJcjfA="},"indexInfo":{"baseKey":"BSk8AUDseUrrO7FFKM2V2y/AAXdQb9/pNUQ88rqxmSIj","baseKeyType":1,"closed":-1,"used":1684288976515,"created":1684288976515,"remoteIdentityKey":"BQrrmMEBP7q7lsj4vAvaUJ7QZaztI4UsuyERyM07mqgP"},"_chains":{"BVYQEdCZ3tsoD6BOJziv0YL9Y/ubKGOuA5KrzDnHVyUM":{"chainKey":{"counter":0,"key":"MwkDQ4b4jdG/9UPBLS6sFpw4CvObsXHLe1qrtT8JXXY="},"chainType":1,"messageKeys":{}}},"pendingPreKey":{"signedKeyId":0,"baseKey":"BSk8AUDseUrrO7FFKM2V2y/AAXdQb9/pNUQ88rqxmSIj","preKeyId":8213945}}},"version":"v1"}