{"_sessions":{"BUDp8MexdkN9m7jPIkxOXDUJRO9FtumPsSVkSUgpfJZK":{"registrationId":1403026006,"currentRatchet":{"ephemeralKeyPair":{"pubKey":"BeqGfzDjhuxeTPv9q3chj53PkSN4DeX7y+ky73hJPoF+","privKey":"MKBm2BMDocy8MKYvKGCRpqR8VgXtHDeLjXzE4iFKb2c="},"lastRemoteEphemeralKey":"BYlK4AdX8CSZJAHoZzr5Y4hfApnSGo/Mpfqb06FnA24T","previousCounter":0,"rootKey":"OhYLRTgdWkaTpvcFT86wx6A+7Basph26ZJ4Iie3P8WY="},"indexInfo":{"baseKey":"BUDp8MexdkN9m7jPIkxOXDUJRO9FtumPsSVkSUgpfJZK","baseKeyType":1,"closed":-1,"used":1684288976431,"created":1684288976431,"remoteIdentityKey":"Bf5Ti1zsOb6E8rua5E4TMbkAkp9a6h6YWOdf0+U7RvYn"},"_chains":{"BeqGfzDjhuxeTPv9q3chj53PkSN4DeX7y+ky73hJPoF+":{"chainKey":{"counter":0,"key":"ZhXUX2nQ3XV3j9XDoRTAvZ1G6gAt5Ce5V9urfbx9shE="},"chainType":1,"messageKeys":{}}},"pendingPreKey":{"signedKeyId":0,"baseKey":"BUDp8MexdkN9m7jPIkxOXDUJRO9FtumPsSVkSUgpfJZK"}}},"version":"v1"}