{"_sessions":{"BazihfEua3C5t4PepLAxgY2SdE95AYVJjNomZ7a8HU9f":{"registrationId":183,"currentRatchet":{"ephemeralKeyPair":{"pubKey":"BZWqdkTGFkw4h/ENzQ5n1Bvx+xcvFw4gxG+85qfYdM8O","privKey":"KJptmPZYMew1oOHEqlPtGX13eudUiWUHWfQv0H6j1mE="},"lastRemoteEphemeralKey":"BXsZgj8h1DRZx7lTI2lP4OJ2aOLfa3A/ZZlXAfI1z+gV","previousCounter":0,"rootKey":"b+w4VytZMP9yO1fVNYNkVkOZUqFBFLFSwRew3QU2OKo="},"indexInfo":{"baseKey":"BazihfEua3C5t4PepLAxgY2SdE95AYVJjNomZ7a8HU9f","baseKeyType":1,"closed":-1,"used":1684283549027,"created":1684283549027,"remoteIdentityKey":"BUVDLGgjR1gy6XX+CR1EdfkWqoY9ntJpUstg+tSMdg13"},"_chains":{"BZWqdkTGFkw4h/ENzQ5n1Bvx+xcvFw4gxG+85qfYdM8O":{"chainKey":{"counter":5,"key":"LYn1y/kdvpiomaGOdvvm9yh6SuX7EuvZqmkZQiHvkV8="},"chainType":1,"messageKeys":{}}},"pendingPreKey":{"signedKeyId":1,"baseKey":"BazihfEua3C5t4PepLAxgY2SdE95AYVJjNomZ7a8HU9f"}}},"version":"v1"}