{"_sessions":{"BUY5JIgWmWWAHeUH8B11HbIIoF5iDsU7wqMJRYZCALYG":{"registrationId":6798,"currentRatchet":{"ephemeralKeyPair":{"pubKey":"BTb8qELg63/2JnHA+P2TZJtWACYveoQh1wJ/SGGuzfZN","privKey":"eMQP6VKhLUVG3S9YFj+MFdxZ15th404bKIRuYJCFrVc="},"lastRemoteEphemeralKey":"BWYG5nAOIlDSAV2iQPDV/WYvb2BTVZvJS6mZwiMjKr17","previousCounter":0,"rootKey":"9hi4yjusVBwzCR00ofyF+vP72sDyQfY+ryjOB3ut2PY="},"indexInfo":{"baseKey":"BUY5JIgWmWWAHeUH8B11HbIIoF5iDsU7wqMJRYZCALYG","baseKeyType":1,"closed":-1,"used":1684283549256,"created":1684283549256,"remoteIdentityKey":"Bc8eA7lN0kwTB/bg2VEHnr0TQM5UDqcRyg9LQHvxp/0f"},"_chains":{"BTb8qELg63/2JnHA+P2TZJtWACYveoQh1wJ/SGGuzfZN":{"chainKey":{"counter":5,"key":"06Drgt5P0XO+ZHm6BzapBWHDZ4Ik+AT1RgrSqLIxPv0="},"chainType":1,"messageKeys":{}}},"pendingPreKey":{"signedKeyId":1,"baseKey":"BUY5JIgWmWWAHeUH8B11HbIIoF5iDsU7wqMJRYZCALYG","preKeyId":904}}},"version":"v1"}