{"_sessions":{"Bc5BNwkUrw2a2ni11uZB7njIl2MtNQazD3E9J/3zjT5H":{"registrationId":16298,"currentRatchet":{"ephemeralKeyPair":{"pubKey":"BY7eqh5Yb0uYQM+AttGPD20lCaY9tthO3ctsgh11PUBt","privKey":"iGpKgsD1nigIXTT1/CPJf6MShqkrciYdHgIRUhLq134="},"lastRemoteEphemeralKey":"Bd83nVQ0UtDmdPNVk1Q0V/Y897r9zYYUQVJ8qfxIxh1s","previousCounter":0,"rootKey":"+bFz9icYTFCBH98hUVF5OEA69fSwchY7tpkl7M3Va+s="},"indexInfo":{"baseKey":"Bc5BNwkUrw2a2ni11uZB7njIl2MtNQazD3E9J/3zjT5H","baseKeyType":1,"closed":-1,"used":1684277964136,"created":1684277964136,"remoteIdentityKey":"BXJNT1zuf0WTIMoHBL/+pYzS3YN59Xl+dva4/18ptuB+"},"_chains":{"BY7eqh5Yb0uYQM+AttGPD20lCaY9tthO3ctsgh11PUBt":{"chainKey":{"counter":0,"key":"RjEV+GpcdwAiai9jSeDvAjBViUMv13RDpR/sdzFm0jY="},"chainType":1,"messageKeys":{}}},"pendingPreKey":{"signedKeyId":1,"baseKey":"Bc5BNwkUrw2a2ni11uZB7njIl2MtNQazD3E9J/3zjT5H"}}},"version":"v1"}