{"_sessions":{"BWNFwNN6/juw5SE6yVB6j5xWVdwXxPyBksfbMHnQ/HQq":{"registrationId":1094658928,"currentRatchet":{"ephemeralKeyPair":{"pubKey":"BXoWmYuTMiUf5TlZJaYLh1lDWoGD0X92rsm+HupJL6E/","privKey":"OMLaEF+HhyRKh/2mcoDz/Vuk4Hp+pCEGpsx4pkpF+30="},"lastRemoteEphemeralKey":"BXK08lSLWaZbdQP+1r955UEu/5d6Hs1UcTOzWs92Fcpn","previousCounter":0,"rootKey":"Uz4tkEfkzUQRkfSgRqRyYKvW5j8ousUPJRp8tW/NC0c="},"indexInfo":{"baseKey":"BWNFwNN6/juw5SE6yVB6j5xWVdwXxPyBksfbMHnQ/HQq","baseKeyType":1,"closed":-1,"used":1684277964720,"created":1684277964720,"remoteIdentityKey":"BRO+zy2MLvxUT0d9PQ5jmHPIARQb4+tqrIb6EAYKJ14u"},"_chains":{"BXoWmYuTMiUf5TlZJaYLh1lDWoGD0X92rsm+HupJL6E/":{"chainKey":{"counter":0,"key":"+Bw+sG2ZdO+azkmuZSGVGmdAgZGxAFmntQHKU27JHl0="},"chainType":1,"messageKeys":{}}},"pendingPreKey":{"signedKeyId":8,"baseKey":"BWNFwNN6/juw5SE6yVB6j5xWVdwXxPyBksfbMHnQ/HQq","preKeyId":2066144}}},"version":"v1"}