{"_sessions":{"BTViqziMrIL6+iZ/kwfua3c6cQCzn1G75irkShtKpqkW":{"registrationId":6138,"currentRatchet":{"ephemeralKeyPair":{"pubKey":"BSlAyD2T11X8lV83KSs1xZayC0Rm4TPg5dZ5FVNFaZ1w","privKey":"YDs9FdyFKSdDCvH9fNBDgDQbPtDX8+Nn835vTGmJT3w="},"lastRemoteEphemeralKey":"BZ2x20y2e6BdHZseJG+yPeH1q5k+LXC+7Kr7cn9VNSxa","previousCounter":0,"rootKey":"WuNDHillBw8hRi/WZOxuZxoM4QV2hJ7Z6RcuKYlWy54="},"indexInfo":{"baseKey":"BTViqziMrIL6+iZ/kwfua3c6cQCzn1G75irkShtKpqkW","baseKeyType":1,"closed":-1,"used":1684283549261,"created":1684283549261,"remoteIdentityKey":"BUi+PLleDHaoWP6h6XFoh9RbsecI1A47XCUnAyvm8c4q"},"_chains":{"BSlAyD2T11X8lV83KSs1xZayC0Rm4TPg5dZ5FVNFaZ1w":{"chainKey":{"counter":5,"key":"GTaie3Ex+EE82IMAkM8P9Gknkzj62XCmP2OyA28AFlQ="},"chainType":1,"messageKeys":{}}},"pendingPreKey":{"signedKeyId":1,"baseKey":"BTViqziMrIL6+iZ/kwfua3c6cQCzn1G75irkShtKpqkW","preKeyId":739}}},"version":"v1"}