{"_sessions":{"BbZNesDDDyzuvsstHNuAbfOYyMDel5Ls/Jta2hGpSM9n":{"registrationId":2049347320,"currentRatchet":{"ephemeralKeyPair":{"pubKey":"BcHxFvdLR/SK0qeXY8c2Yb329GFMH6eZrOoHiIn98uc5","privKey":"oAzYOd+HWgp+3QmG/qQ2C+w7tKodFzRBoc2WLOCStGs="},"lastRemoteEphemeralKey":"BfpxdfG9MCYtTqoEQRY+eAy/bBA+v1hyfagqQnjBcwlA","previousCounter":0,"rootKey":"5b6dt9Xo1LqPaGV6j+CXdEObDKv4uRT+bthPjc8oceE="},"indexInfo":{"baseKey":"BbZNesDDDyzuvsstHNuAbfOYyMDel5Ls/Jta2hGpSM9n","baseKeyType":1,"closed":-1,"used":1684329958670,"created":1684329958670,"remoteIdentityKey":"BYuSSNaGasQRlVBtSTGP93kSmnoKEMU5R5QIXB4bVTg+"},"_chains":{"BcHxFvdLR/SK0qeXY8c2Yb329GFMH6eZrOoHiIn98uc5":{"chainKey":{"counter":0,"key":"CytqESIjfgGnDcWrpYqu5+x73uGT4uwxHRzTnNl9Acs="},"chainType":1,"messageKeys":{}}},"pendingPreKey":{"signedKeyId":2,"baseKey":"BbZNesDDDyzuvsstHNuAbfOYyMDel5Ls/Jta2hGpSM9n"}}},"version":"v1"}