{"_sessions":{"BZhSX1vBw9sMGA11O4enDE9eGVLwc2mZoxj7TrbfuCZe":{"registrationId":1219808712,"currentRatchet":{"ephemeralKeyPair":{"pubKey":"BYHtHNJ4AeLUzir3IgXTdvUTzHiolOHgkVrCMNTQOrsO","privKey":"yDB5ufI2w6LTB1BFC2aNSwOKkMrN1CrRnf+ZkyJXQUo="},"lastRemoteEphemeralKey":"BTeV+KjA5eOBDHkbYagkadfpNIPnTP7aYmIGqO6Ee6Zm","previousCounter":0,"rootKey":"XP4obzg4xUr3Spsu48F+o3qACDwVrCBbo3nPwZa5j8Q="},"indexInfo":{"baseKey":"BZhSX1vBw9sMGA11O4enDE9eGVLwc2mZoxj7TrbfuCZe","baseKeyType":1,"closed":-1,"used":1684288976505,"created":1684288976505,"remoteIdentityKey":"BYN0j8GGxiwUViOw5zz2/4TWv9/tBcVjM9tsqOnAkdUR"},"_chains":{"BYHtHNJ4AeLUzir3IgXTdvUTzHiolOHgkVrCMNTQOrsO":{"chainKey":{"counter":0,"key":"haiaiGnqBeD5F6T5WGmqtoCzxi76TdNYhb0PtsQeruU="},"chainType":1,"messageKeys":{}}},"pendingPreKey":{"signedKeyId":5,"baseKey":"BZhSX1vBw9sMGA11O4enDE9eGVLwc2mZoxj7TrbfuCZe"}}},"version":"v1"}