{"_sessions":{"BS3fT/1iufaGBqiygNsi1CzeozVXAFE2Mr+0+fF0sP8q":{"registrationId":26,"currentRatchet":{"ephemeralKeyPair":{"pubKey":"BVz42k7oiWzqS68OQbhrCylnNhUoSErjvE+UrVThC1Jb","privKey":"oC3FE16M3mlmH5oIdP8wvKXb9EghOeM1ug1IiJOM9U8="},"lastRemoteEphemeralKey":"BSPyKnqXt2PZaPaw5cg7XtTLsuk4Zp7y/Iq34gcMDWFn","previousCounter":0,"rootKey":"id9sPrSyoQa1ny9eCxXzT9AhR9ML8YUf4yA4o3y6gds="},"indexInfo":{"baseKey":"BS3fT/1iufaGBqiygNsi1CzeozVXAFE2Mr+0+fF0sP8q","baseKeyType":1,"closed":-1,"used":1684277964526,"created":1684277964526,"remoteIdentityKey":"BXqNr2ModrDQlWfmZISv+28yHIH+Xrost3vrJH9sCr18"},"_chains":{"BVz42k7oiWzqS68OQbhrCylnNhUoSErjvE+UrVThC1Jb":{"chainKey":{"counter":0,"key":"g/S7Pf3j4g9iDPJUAvvxiQdN1Hz2nxVWd3YMbWibLe4="},"chainType":1,"messageKeys":{}}},"pendingPreKey":{"signedKeyId":1,"baseKey":"BS3fT/1iufaGBqiygNsi1CzeozVXAFE2Mr+0+fF0sP8q"}}},"version":"v1"}