{"_sessions":{"BVbc9rkpLVzpSo3WjtOfiKYTSsjIPjH5A+D2ySx3eqJB":{"registrationId":79,"currentRatchet":{"ephemeralKeyPair":{"pubKey":"BcY4+mI0evBvE7D97iQkYNRrAVKB/lkV9tIs8hnHpXFq","privKey":"sCIXZJ3qzAC3lFue0Z/13l03hVOlbfMCQbtIi9vMZXU="},"lastRemoteEphemeralKey":"BUr5PiTdMW9uiVwciWjJDlvrL8CW51WecP+d3U+1dj5f","previousCounter":0,"rootKey":"tM8zVu0s+7XM/nK3dOf+8rpAsJt37kZGztBYaclPIEo="},"indexInfo":{"baseKey":"BVbc9rkpLVzpSo3WjtOfiKYTSsjIPjH5A+D2ySx3eqJB","baseKeyType":1,"closed":-1,"used":1684333427362,"created":1684333427362,"remoteIdentityKey":"BbdMshvBSxhWE+1h/VfZrCPllROvkLs2996L7qUSNXod"},"_chains":{"BcY4+mI0evBvE7D97iQkYNRrAVKB/lkV9tIs8hnHpXFq":{"chainKey":{"counter":0,"key":"7krZmDHe4KCrdnciaA99Kt7k9wcWUD46vAXg2XGFpIU="},"chainType":1,"messageKeys":{}}},"pendingPreKey":{"signedKeyId":1,"baseKey":"BVbc9rkpLVzpSo3WjtOfiKYTSsjIPjH5A+D2ySx3eqJB"}}},"version":"v1"}