{"_sessions":{"BbGdf5HQuPBkpEEX42gKZDMWDKKuul75B1oLMAwZL/dX":{"registrationId":75410075,"currentRatchet":{"ephemeralKeyPair":{"pubKey":"BS9PgxyEZToj7g09LpNpec8USgfCP1YB6l4t34qpdzk0","privKey":"qMKLwV85THhcPGH4xi1PdRRJ+IOUduQflzSSxVhO5Go="},"lastRemoteEphemeralKey":"BcRE1VZKytcz39TUiIbnNlBYuZBwi+uZEkwerlhuBMUj","previousCounter":0,"rootKey":"R0FFOQxj593NyOr/z99+gNKBMbwAou4apM1MR+rGKuA="},"indexInfo":{"baseKey":"BbGdf5HQuPBkpEEX42gKZDMWDKKuul75B1oLMAwZL/dX","baseKeyType":1,"closed":-1,"used":1684310369103,"created":1684310369103,"remoteIdentityKey":"BWTSD6543nIp1vUopm0ZSwAl53HGrWTat//lh47lQzF4"},"_chains":{"BS9PgxyEZToj7g09LpNpec8USgfCP1YB6l4t34qpdzk0":{"chainKey":{"counter":0,"key":"khd9sBHaEYt1EJcU2WR0QeUb5zFQLZQfeRKx5Ka74lg="},"chainType":1,"messageKeys":{}}},"pendingPreKey":{"signedKeyId":5,"baseKey":"BbGdf5HQuPBkpEEX42gKZDMWDKKuul75B1oLMAwZL/dX","preKeyId":5845373}}},"version":"v1"}