{"_sessions":{"BcvLFOy8lZh08zBMt1mpRsdsoc2IcsVxgEquEeCDaYMo":{"registrationId":1157552334,"currentRatchet":{"ephemeralKeyPair":{"pubKey":"BW7KWdPMEfvinLKIdkOEMedq598NtNJVBj4+w7v5bqJu","privKey":"CMCD1VgasTqxMRd7xojKi87OIWHLVXj1kF26AWcEqFk="},"lastRemoteEphemeralKey":"BZx9HcBEwCL7ToSsiXDyHkvbtzcgtHaQt02NTXb0uCFg","previousCounter":0,"rootKey":"tzohs9OmZGFw3ZN5B7xI0l2WxB0Ek1T2Jy7NOAlblHM="},"indexInfo":{"baseKey":"BcvLFOy8lZh08zBMt1mpRsdsoc2IcsVxgEquEeCDaYMo","baseKeyType":1,"closed":1684305750187,"used":1684283549337,"created":1684283549337,"remoteIdentityKey":"BWycirljgSzkS7etVB0K1A9pZmshMJa6uf9gjnCYAW4p"},"_chains":{"BW7KWdPMEfvinLKIdkOEMedq598NtNJVBj4+w7v5bqJu":{"chainKey":{"counter":1,"key":"o+xae7HhvJdxRMMfw/Nxpf7Uy1SW6B3IieSKW8B8rRw="},"chainType":1,"messageKeys":{}}},"pendingPreKey":{"signedKeyId":0,"baseKey":"BcvLFOy8lZh08zBMt1mpRsdsoc2IcsVxgEquEeCDaYMo","preKeyId":13038548}},"Bdc/iqT+fWZGC9qeNce8Yahi3KEKGnEP44+DbuXyqopJ":{"registrationId":1157552334,"currentRatchet":{"ephemeralKeyPair":{"pubKey":"BUeeAMPbfPbcNLYgPGSmguZcXWH57/AZg6gBgoXb8dMk","privKey":"sEWu7fsaZNLJGo8lBxoOeTxogZUnc7PBtM7rPV2ISng="},"lastRemoteEphemeralKey":"BZx9HcBEwCL7ToSsiXDyHkvbtzcgtHaQt02NTXb0uCFg","previousCounter":0,"rootKey":"3DBmM2QDIhLAO5RUMkja2IxSXaQYC3QooJN30uD4m0w="},"indexInfo":{"baseKey":"Bdc/iqT+fWZGC9qeNce8Yahi3KEKGnEP44+DbuXyqopJ","baseKeyType":1,"closed":1684305750828,"used":1684305750116,"created":1684305750115,"remoteIdentityKey":"BWycirljgSzkS7etVB0K1A9pZmshMJa6uf9gjnCYAW4p"},"_chains":{"BUeeAMPbfPbcNLYgPGSmguZcXWH57/AZg6gBgoXb8dMk":{"chainKey":{"counter":-1,"key":"O7P4M/7Z0G/i/e7OE4HVW8AB6NMZQ7tDvwrjRk6DxI8="},"chainType":1,"messageKeys":{}}},"pendingPreKey":{"signedKeyId":0,"baseKey":"Bdc/iqT+fWZGC9qeNce8Yahi3KEKGnEP44+DbuXyqopJ","preKeyId":13038492}},"BbvFH8T888qaVA2SZI2YB8IEtu5Vz41uPNqBgZbGNYEg":{"registrationId":1157552334,"currentRatchet":{"ephemeralKeyPair":{"pubKey":"BXGXZLuqvJxAHt+K5KShanSAakq2jxWSPWn0CEQb9F4S","privKey":"gPhtJQ2aQV7/MSApim6MGOiAdA6QTkC6kYe0vuNYhGk="},"lastRemoteEphemeralKey":"BZx9HcBEwCL7ToSsiXDyHkvbtzcgtHaQt02NTXb0uCFg","previousCounter":0,"rootKey":"aFg8InuX/JpehphuirwEtIRys+yEJ9HyEqYuTwL6Zmw="},"indexInfo":{"baseKey":"BbvFH8T888qaVA2SZI2YB8IEtu5Vz41uPNqBgZbGNYEg","baseKeyType":1,"closed":1684305751479,"used":1684305750514,"created":1684305750514,"remoteIdentityKey":"BWycirljgSzkS7etVB0K1A9pZmshMJa6uf9gjnCYAW4p"},"_chains":{"BXGXZLuqvJxAHt+K5KShanSAakq2jxWSPWn0CEQb9F4S":{"chainKey":{"counter":-1,"key":"8liV3wrT2AT5xJX23LUUIdNF0Q2jPWAwhAan5pteMGQ="},"chainType":1,"messageKeys":{}}},"pendingPreKey":{"signedKeyId":0,"baseKey":"BbvFH8T888qaVA2SZI2YB8IEtu5Vz41uPNqBgZbGNYEg","preKeyId":13039233}},"BX2TfvyR1kwgj2jfVGEwEKNBZpecBomZXrczW7zjU8di":{"registrationId":1157552334,"currentRatchet":{"ephemeralKeyPair":{"pubKey":"BVD61+w9h3PST/VBz1bG22CTsoZ5M66HOUgtEDCbb9wR","privKey":"mBraRhVM+MKOoj+gyzBQlUVUZP7NDNy1E91sU+2cSnI="},"lastRemoteEphemeralKey":"BZx9HcBEwCL7ToSsiXDyHkvbtzcgtHaQt02NTXb0uCFg","previousCounter":0,"rootKey":"Vu0S7S37a3jyslGLEM8uqypvwgwhMxmBnD9dY6c5TMM="},"indexInfo":{"baseKey":"BX2TfvyR1kwgj2jfVGEwEKNBZpecBomZXrczW7zjU8di","baseKeyType":1,"closed":1684305751798,"used":1684305751424,"created":1684305751424,"remoteIdentityKey":"BWycirljgSzkS7etVB0K1A9pZmshMJa6uf9gjnCYAW4p"},"_chains":{"BVD61+w9h3PST/VBz1bG22CTsoZ5M66HOUgtEDCbb9wR":{"chainKey":{"counter":-1,"key":"TUx5sVabHDlL47ShGKA4PFmg4xTbZ2BzmoLBZGG69mg="},"chainType":1,"messageKeys":{}}},"pendingPreKey":{"signedKeyId":0,"baseKey":"BX2TfvyR1kwgj2jfVGEwEKNBZpecBomZXrczW7zjU8di","preKeyId":13039216}},"BV4yJFztm9XZbSzqZDPQyuLcc33pGOz2Z2v3+G8yTlh9":{"registrationId":1157552334,"currentRatchet":{"ephemeralKeyPair":{"pubKey":"BdsmSqfsOeyz44GKB14BV/WsAkXN2/cU3mGLZDHpTFQK","privKey":"gEIGPI8ZslUQ1/DRounACVleKHU80P+fd//u/ymGN3E="},"lastRemoteEphemeralKey":"BZx9HcBEwCL7ToSsiXDyHkvbtzcgtHaQt02NTXb0uCFg","previousCounter":0,"rootKey":"Vhf3Af/O0SEb1Tp4Ofg8VSm6vk1YuEeec2I9CatLwtM="},"indexInfo":{"baseKey":"BV4yJFztm9XZbSzqZDPQyuLcc33pGOz2Z2v3+G8yTlh9","baseKeyType":1,"closed":1684305752223,"used":1684305751786,"created":1684305751786,"remoteIdentityKey":"BWycirljgSzkS7etVB0K1A9pZmshMJa6uf9gjnCYAW4p"},"_chains":{"BdsmSqfsOeyz44GKB14BV/WsAkXN2/cU3mGLZDHpTFQK":{"chainKey":{"counter":-1,"key":"gWUy3z7+rpwk49fQ0dl8tDBGEy7yN8lGEe8jKy6/gBg="},"chainType":1,"messageKeys":{}}},"pendingPreKey":{"signedKeyId":0,"baseKey":"BV4yJFztm9XZbSzqZDPQyuLcc33pGOz2Z2v3+G8yTlh9","preKeyId":13039187}},"BcY6a01VQMds1+6btVZFLR+YngsuhzbwFE371MdU5Mxp":{"registrationId":1157552334,"currentRatchet":{"ephemeralKeyPair":{"pubKey":"BTpOBNInnOGiGPP1UoZ9MCDoLWiOJyj/ZxAreEKnJjYk","privKey":"2LFWDIPzAYpBn4PmfHrrWbmT8r6hSKkbLi85ZdXBl3o="},"lastRemoteEphemeralKey":"BZx9HcBEwCL7ToSsiXDyHkvbtzcgtHaQt02NTXb0uCFg","previousCounter":0,"rootKey":"JnKCDYlhi7zEz9PJ9lHmoiaWzoqEdzyG6AZQiqL4CYU="},"indexInfo":{"baseKey":"BcY6a01VQMds1+6btVZFLR+YngsuhzbwFE371MdU5Mxp","baseKeyType":1,"closed":1684305753891,"used":1684305752204,"created":1684305752204,"remoteIdentityKey":"BWycirljgSzkS7etVB0K1A9pZmshMJa6uf9gjnCYAW4p"},"_chains":{"BTpOBNInnOGiGPP1UoZ9MCDoLWiOJyj/ZxAreEKnJjYk":{"chainKey":{"counter":-1,"key":"XNI5qXqkxknFNKK1cGe1i0bOsZYnDy9Fo3b8FI0KdrU="},"chainType":1,"messageKeys":{}}},"pendingPreKey":{"signedKeyId":0,"baseKey":"BcY6a01VQMds1+6btVZFLR+YngsuhzbwFE371MdU5Mxp","preKeyId":13039287}},"BaZxayeOn+BhQNcwj6M25zkgciWqMn9xGBKdr4DsnChz":{"registrationId":1157552334,"currentRatchet":{"ephemeralKeyPair":{"pubKey":"BS5QAP/t7mYCR2ik0WH26o5W4XDUFU09NnxKXTft95ZW","privKey":"gJuDGC5cMj0BN0QuSLcfUHDPq7b/tJYPd5i0wWT7RHs="},"lastRemoteEphemeralKey":"BZx9HcBEwCL7ToSsiXDyHkvbtzcgtHaQt02NTXb0uCFg","previousCounter":0,"rootKey":"zRcLsIJ7il4IJ33JqT/fV6FLvygaop1y8Ui/uOcvkps="},"indexInfo":{"baseKey":"BaZxayeOn+BhQNcwj6M25zkgciWqMn9xGBKdr4DsnChz","baseKeyType":1,"closed":-1,"used":1684305753885,"created":1684305753885,"remoteIdentityKey":"BWycirljgSzkS7etVB0K1A9pZmshMJa6uf9gjnCYAW4p"},"_chains":{"BS5QAP/t7mYCR2ik0WH26o5W4XDUFU09NnxKXTft95ZW":{"chainKey":{"counter":3,"key":"Zutov8Kh1XmZBSfD+4QYTrgmb34UdCCjFzSbDdM7IKc="},"chainType":1,"messageKeys":{}}},"pendingPreKey":{"signedKeyId":0,"baseKey":"BaZxayeOn+BhQNcwj6M25zkgciWqMn9xGBKdr4DsnChz","preKeyId":13039220}}},"version":"v1"}