{"_sessions":{"BdDjTRIcQdbHwHf3CCVuITccHT2XuZP4vQz/wxjoIsZd":{"registrationId":213632631,"currentRatchet":{"ephemeralKeyPair":{"pubKey":"BXa4Y4R/hny04rzjPlYxucH+KIhIcEB0coiWvxsXUUF4","privKey":"cDapN0doiI0KRs8M743sO+7okL6QmNL2g6eobtcgVHo="},"lastRemoteEphemeralKey":"BQar7ShjM+B0taYnXFkV3Wm+/QZ881T0oR9uwjrzWZ17","previousCounter":0,"rootKey":"oi34yA+BbIY/VH7jyrto1ubWjuSXG4isYccWDX/3HuA="},"indexInfo":{"baseKey":"BdDjTRIcQdbHwHf3CCVuITccHT2XuZP4vQz/wxjoIsZd","baseKeyType":1,"closed":-1,"used":1684288976524,"created":1684288976524,"remoteIdentityKey":"BT+jlraO4/HCRMTHA4cUs0XaQgPNndhMCMiKJm6nFmpw"},"_chains":{"BXa4Y4R/hny04rzjPlYxucH+KIhIcEB0coiWvxsXUUF4":{"chainKey":{"counter":0,"key":"xaXfJIKGQOYuHPInodOWUoOpU69fVLdmLhLeNSe8GPU="},"chainType":1,"messageKeys":{}}},"pendingPreKey":{"signedKeyId":11,"baseKey":"BdDjTRIcQdbHwHf3CCVuITccHT2XuZP4vQz/wxjoIsZd","preKeyId":15265888}}},"version":"v1"}