{"_sessions":{"BRzxQQe/n+ps+ygcBvXsvlS3UtVQCG3dCaJ+cwnCZOdr":{"registrationId":881407914,"currentRatchet":{"ephemeralKeyPair":{"pubKey":"BUZ9e1CvIDv/Ubi7hb4xt453pWNZqf+4ys2ONg4l7fwT","privKey":"+BO8Q2sOgutsOziP460qnbPdFrjgdGbRQrcfbM2RhFo="},"lastRemoteEphemeralKey":"BaorE/MBdi0NF4tXezW2d1CJBSlOL1U5+YT38JucWlUt","previousCounter":0,"rootKey":"cn2dDT7ugB7b/J8CavxydJFtj56V2X01zI0I7nUrRmc="},"indexInfo":{"baseKey":"BRzxQQe/n+ps+ygcBvXsvlS3UtVQCG3dCaJ+cwnCZOdr","baseKeyType":1,"closed":-1,"used":1684277964683,"created":1684277964683,"remoteIdentityKey":"BUu+mHOYx86upogB5Ws8Lg6ac8yIU3/RtnkEtuPczslg"},"_chains":{"BUZ9e1CvIDv/Ubi7hb4xt453pWNZqf+4ys2ONg4l7fwT":{"chainKey":{"counter":6,"key":"R8P+lnl/sVtFXowFDdFpQUtG3hf8fEEh27UlT3g/pUg="},"chainType":1,"messageKeys":{}}},"pendingPreKey":{"signedKeyId":1,"baseKey":"BRzxQQe/n+ps+ygcBvXsvlS3UtVQCG3dCaJ+cwnCZOdr"}}},"version":"v1"}