{"_sessions":{"BeF5ptnEbPEe2GpkTLheePklCgl8qYtf8MWPAD7Asn1p":{"registrationId":357433140,"currentRatchet":{"ephemeralKeyPair":{"pubKey":"BSU+inE/Gm4TFKX3zRwDFMZH2ruurx20MFEkxmlmC7VD","privKey":"MMFM3J5iGV+8cLXkYtl/zQGEG7SKYsD1+WZ9TR4R/3M="},"lastRemoteEphemeralKey":"BegM0LbLVtdBGTr1V033UwcqN+oH8TLraFG1eWFwodc6","previousCounter":0,"rootKey":"+8wnzZyxBDuJyNlTk+ZIfhwq+wsKiAPM6R7wh/ebet8="},"indexInfo":{"baseKey":"BeF5ptnEbPEe2GpkTLheePklCgl8qYtf8MWPAD7Asn1p","baseKeyType":1,"closed":1684274122733,"used":1684274084011,"created":1684274084011,"remoteIdentityKey":"Bd8Dj1mFqqxWRZzJe8LYZtL2Vyb1mOrHP6V2yOq17b8l"},"_chains":{"BSU+inE/Gm4TFKX3zRwDFMZH2ruurx20MFEkxmlmC7VD":{"chainKey":{"counter":0,"key":"htEsP5+G58zakDdY/pVi93L0SR8aY0oswPpP+phvCI8="},"chainType":1,"messageKeys":{}}},"pendingPreKey":{"signedKeyId":1,"baseKey":"BeF5ptnEbPEe2GpkTLheePklCgl8qYtf8MWPAD7Asn1p","preKeyId":422835}},"BW94wpK3hxYfmcLbtkY29p2GxV/rYhmPjaWlpDtQuhlk":{"registrationId":357433140,"currentRatchet":{"ephemeralKeyPair":{"pubKey":"BQbnuFvYagDrLkkZFVMmMunUSuyjii6zOsUuS67YD6db","privKey":"4IqqDWsROk6lhxmz+EsWmWWgV5kc4wWzxvwz6Q+91XM="},"lastRemoteEphemeralKey":"BegM0LbLVtdBGTr1V033UwcqN+oH8TLraFG1eWFwodc6","previousCounter":0,"rootKey":"FBWpISJZ+lDxzLIxHhdjjSfKAk3GshRDIJ9wxo8UipM="},"indexInfo":{"baseKey":"BW94wpK3hxYfmcLbtkY29p2GxV/rYhmPjaWlpDtQuhlk","baseKeyType":1,"closed":-1,"used":1684274122722,"created":1684274122722,"remoteIdentityKey":"Bd8Dj1mFqqxWRZzJe8LYZtL2Vyb1mOrHP6V2yOq17b8l"},"_chains":{"BQbnuFvYagDrLkkZFVMmMunUSuyjii6zOsUuS67YD6db":{"chainKey":{"counter":0,"key":"uE9YNe+69L4IqDU8aAq8G46s4+18c8a+ThVVRfzpjuM="},"chainType":1,"messageKeys":{}}},"pendingPreKey":{"signedKeyId":1,"baseKey":"BW94wpK3hxYfmcLbtkY29p2GxV/rYhmPjaWlpDtQuhlk","preKeyId":422860}}},"version":"v1"}