{"_sessions":{"BWaEcWtH0k5FS8UvT+aJA/+g/G32mlCHEohmUMEaIclK":{"registrationId":182,"currentRatchet":{"ephemeralKeyPair":{"pubKey":"BTvQ8UU4m9h0qjdACVI3lF0ExRwxDFS9BDIE9BA9mUgy","privKey":"ANuyf2S9LE6835X74Fd1mx4vqqHSp8anEoMMt80oh3A="},"lastRemoteEphemeralKey":"BUdU75g3eSHtxX8f1nWI2Deo96f5dtEAYAk7UNeUHSMD","previousCounter":0,"rootKey":"rVtDmNTlH81ieKsOmJf9mBQZXBje11Z4d1goU+m43Uo="},"indexInfo":{"baseKey":"BWaEcWtH0k5FS8UvT+aJA/+g/G32mlCHEohmUMEaIclK","baseKeyType":1,"closed":-1,"used":1684277963635,"created":1684277963635,"remoteIdentityKey":"BZTtpFeteo8ADjJz+d4S5ysoVzZsSGFRu4vqiKr/GeMN"},"_chains":{"BTvQ8UU4m9h0qjdACVI3lF0ExRwxDFS9BDIE9BA9mUgy":{"chainKey":{"counter":0,"key":"DS46cXfBFEzv0FI4XrPYuHwD8sFktmboPkOMO6jc8Gk="},"chainType":1,"messageKeys":{}}},"pendingPreKey":{"signedKeyId":1,"baseKey":"BWaEcWtH0k5FS8UvT+aJA/+g/G32mlCHEohmUMEaIclK"}}},"version":"v1"}