{"_sessions":{"BSyGvCAOfmRSEyUpJrKsM4b3OTDhYYHNkMK4/OIS7voy":{"registrationId":1953565865,"currentRatchet":{"ephemeralKeyPair":{"pubKey":"BVEsEtsbmVbV/9GCK/lLUeL4xj2VsyYOZ0NDX3Ac3ex3","privKey":"ODQHzSZTF7cvPgq4jVnjfKtxLc3UENkvRF0wzDyGV3Q="},"lastRemoteEphemeralKey":"BZEn4OIj4GFOTGmaQPzREYnPmSh76mnR5mr57IFURis5","previousCounter":0,"rootKey":"XBRw9DOVPB4FJz8th7zmPgv/Ed+deYIJy8XvsfKf9Go="},"indexInfo":{"baseKey":"BSyGvCAOfmRSEyUpJrKsM4b3OTDhYYHNkMK4/OIS7voy","baseKeyType":1,"closed":-1,"used":1684277964700,"created":1684277964700,"remoteIdentityKey":"BXl0ZqKa6TlBqr0Pym4h2iHJ9kLTmeP8ZytaVxT3u9QZ"},"_chains":{"BVEsEtsbmVbV/9GCK/lLUeL4xj2VsyYOZ0NDX3Ac3ex3":{"chainKey":{"counter":0,"key":"vekAGvIcnv+ixgX83pJUfyQPVMhDVSaPdZhUv4kTykc="},"chainType":1,"messageKeys":{}}},"pendingPreKey":{"signedKeyId":2,"baseKey":"BSyGvCAOfmRSEyUpJrKsM4b3OTDhYYHNkMK4/OIS7voy"}}},"version":"v1"}