{"_sessions":{"BYG+DXBknxwqxh1n7WWrE/PCv0xloBIskHYx1sDENPIH":{"registrationId":162,"currentRatchet":{"ephemeralKeyPair":{"pubKey":"BW2MeYcBAUcndEhEVj7O8afYHAu5uSMIwYLZ6HM9nTQe","privKey":"KN82GO/YhpGjWJIixZA2W3pSUSyiW2nJsulBx5F0FWI="},"lastRemoteEphemeralKey":"BVinFJ50lj6L3SUD5KYgJdDREtMfprp4ElsnGiPWfC8P","previousCounter":0,"rootKey":"eihIRpzv9k7Ha9pIFWatN1jJ3L9IL6bModvqkTr/vLQ="},"indexInfo":{"baseKey":"BYG+DXBknxwqxh1n7WWrE/PCv0xloBIskHYx1sDENPIH","baseKeyType":1,"closed":-1,"used":1684277963779,"created":1684277963779,"remoteIdentityKey":"BYFT/pj12WHwhkDvb+24g/1hfQ2cSVZ5V6D4Jn55gvUI"},"_chains":{"BW2MeYcBAUcndEhEVj7O8afYHAu5uSMIwYLZ6HM9nTQe":{"chainKey":{"counter":0,"key":"RYgyGhWBjCKdh/4RsCSqmZhKx5X4rz5Ap9jxrgGuYLY="},"chainType":1,"messageKeys":{}}},"pendingPreKey":{"signedKeyId":1,"baseKey":"BYG+DXBknxwqxh1n7WWrE/PCv0xloBIskHYx1sDENPIH"}}},"version":"v1"}