{"_sessions":{"BWVHzW/dNrkK0XSCohTWwM3hBqgnjmcz+7xaLLqeP705":{"registrationId":529475936,"currentRatchet":{"ephemeralKeyPair":{"pubKey":"BSPohT8S+yjJWkJlTyjizEKK4mORApkouAyS963/Mb5b","privKey":"4Dax/lJTVpCrYojhQwYPFRZ+ilguXuL+iqVrw0Lt3VU="},"lastRemoteEphemeralKey":"BY9U++nv2Kj07ms+dXQVTtOCWwRGfSoma48kZNsAcPpj","previousCounter":0,"rootKey":"2reW91ah2n90duCr27ahw951klR85bmtgQJIbM2Dgqs="},"indexInfo":{"baseKey":"BWVHzW/dNrkK0XSCohTWwM3hBqgnjmcz+7xaLLqeP705","baseKeyType":1,"closed":-1,"used":1684277964763,"created":1684277964763,"remoteIdentityKey":"BQJcavaXB7CCcb28mjuTJG6UXVLImnhcO7uLJd/OAj1t"},"_chains":{"BSPohT8S+yjJWkJlTyjizEKK4mORApkouAyS963/Mb5b":{"chainKey":{"counter":0,"key":"foKCJKdjnXf+68/pB5bg+2hSA4e2dRPMGtrchsYh6EU="},"chainType":1,"messageKeys":{}}},"pendingPreKey":{"signedKeyId":1,"baseKey":"BWVHzW/dNrkK0XSCohTWwM3hBqgnjmcz+7xaLLqeP705","preKeyId":1220368}}},"version":"v1"}