{"_sessions":{"BQb0JxAl6SIcZY3s6LhVnUpcL/+N7WCafLhwh0SS+cMq":{"registrationId":189,"currentRatchet":{"ephemeralKeyPair":{"pubKey":"BS6jDitKPYyEl7S1n/uHJWA/FcCHEcwq4uuth/sVUqIs","privKey":"oB8z2k17UNCdE1QoMCGYjXYZwNE+63GwJxx6IP/rbEg="},"lastRemoteEphemeralKey":"BTzskHctMXuBo7jeF6lP2zKcl4BE9Tz4LSUq4SsDcnQc","previousCounter":0,"rootKey":"rKJzdoSqFvkzsrfCqdHIyjrNKXMSMiRoyt+oUXJKVEY="},"indexInfo":{"baseKey":"BQb0JxAl6SIcZY3s6LhVnUpcL/+N7WCafLhwh0SS+cMq","baseKeyType":2,"closed":-1,"used":1684572124810,"created":1684572124810,"remoteIdentityKey":"BYGeVAwosb2rod1wX7F9K9jYqJUfgOXPOPwE0VrP14l7"},"_chains":{"BTzskHctMXuBo7jeF6lP2zKcl4BE9Tz4LSUq4SsDcnQc":{"chainKey":{"counter":1,"key":"7pescGUzX3C1N6jGaTgd+Zz3mPqL0OD9NpCesfCtQOg="},"chainType":2,"messageKeys":{}},"BS6jDitKPYyEl7S1n/uHJWA/FcCHEcwq4uuth/sVUqIs":{"chainKey":{"counter":-1,"key":"xN3HBx48E02wt5FNDShzzqDPgYPnjA9pLJZBRRk5oe8="},"chainType":1,"messageKeys":{}}}}},"version":"v1"}