{"_sessions":{"BTh8AA7fpVujN8ghkoAVbaIeb2SE1j3Hj3p6eaqPAYVS":{"registrationId":1789910268,"currentRatchet":{"ephemeralKeyPair":{"pubKey":"BdcsudYRceqPuwfd6XQsvoWfPdL0D+jWiaQRfegdUnMh","privKey":"0IysMRZ+2Qso5BrnicRPwt/Y1iynnob9pGhdtXYYL2E="},"lastRemoteEphemeralKey":"BXv7tjRYL7JhOWJp3shq/ZDTI396lkIMt+5Pd15dIyo7","previousCounter":0,"rootKey":"ERGrCUyWPwUX9YjvJXG73C6U7km/+zk72FYdort4q50="},"indexInfo":{"baseKey":"BTh8AA7fpVujN8ghkoAVbaIeb2SE1j3Hj3p6eaqPAYVS","baseKeyType":1,"closed":-1,"used":1684277964789,"created":1684277964789,"remoteIdentityKey":"BVuERCmB8FjGDK/IZTp8WjlUXX2KQHi0f3OE85YLG2Ze"},"_chains":{"BdcsudYRceqPuwfd6XQsvoWfPdL0D+jWiaQRfegdUnMh":{"chainKey":{"counter":0,"key":"O3glOyali34p4W1knXj9MdeS8dyh5h0GF4SqJH/vRmo="},"chainType":1,"messageKeys":{}}},"pendingPreKey":{"signedKeyId":1,"baseKey":"BTh8AA7fpVujN8ghkoAVbaIeb2SE1j3Hj3p6eaqPAYVS","preKeyId":14911177}}},"version":"v1"}