{"_sessions":{"BX0Ha/QA+c8CNgGzR1Q9NeQlYWmKUsaEO9kCd4LPzbAg":{"registrationId":1805582459,"currentRatchet":{"ephemeralKeyPair":{"pubKey":"BcZY1giRoZxorkO+nLyFfmeui3Q0zgR+Rq/U+Dwor08u","privKey":"AMKsJIF1cuk5oL2QEmhlajqDdohkIwc24JjcORVMPVw="},"lastRemoteEphemeralKey":"BfmB6oa+m1JjIvmBKHtn8zsSu/GHaZ5gD1yaE+P80ChA","previousCounter":0,"rootKey":"polJHO0kSnEr5Es7CsizRY3JhHlhyBPau+fKzRsgLlo="},"indexInfo":{"baseKey":"BX0Ha/QA+c8CNgGzR1Q9NeQlYWmKUsaEO9kCd4LPzbAg","baseKeyType":1,"closed":-1,"used":1684283549294,"created":1684283549294,"remoteIdentityKey":"BUWTrd1mg7crYOko4/ZwIaLhCrvm3D/KwtO2TDxvvqN2"},"_chains":{"BcZY1giRoZxorkO+nLyFfmeui3Q0zgR+Rq/U+Dwor08u":{"chainKey":{"counter":5,"key":"l7pLLiokohRPGopLw3/hGw+2MmWeCVVhJVX9Bgu+Ips="},"chainType":1,"messageKeys":{}}},"pendingPreKey":{"signedKeyId":0,"baseKey":"BX0Ha/QA+c8CNgGzR1Q9NeQlYWmKUsaEO9kCd4LPzbAg","preKeyId":4092001}}},"version":"v1"}