{"_sessions":{"BbZbfkxhUFBln/RozXrS6lyQ98dH3O3yCioDf+YpTTwa":{"registrationId":602229142,"currentRatchet":{"ephemeralKeyPair":{"pubKey":"BQtOP2t53gUCmbHQiwF7i7HfwY4z0m2UM2fS65706exY","privKey":"mL8Z+vdgMdIjB1oWW21pgmVXY5zYprEOW5KPnEMQ538="},"lastRemoteEphemeralKey":"BdqbyIVK+7p/Y6gKhMHxLSEXbsOWrbFZW6VNZfqBV4ZA","previousCounter":0,"rootKey":"EK2oLqUJ3otaFocFga/6lXcE+8FHB2E5QVzTaLAxoj4="},"indexInfo":{"baseKey":"BbZbfkxhUFBln/RozXrS6lyQ98dH3O3yCioDf+YpTTwa","baseKeyType":1,"closed":-1,"used":1684277964739,"created":1684277964739,"remoteIdentityKey":"BTllnobPcBer9TKnPwNO0F5k1aWbJj3uMc0IsUuXk6c2"},"_chains":{"BQtOP2t53gUCmbHQiwF7i7HfwY4z0m2UM2fS65706exY":{"chainKey":{"counter":0,"key":"T/7VnyGi1x31IHK2RHm3IQ7FQZL+qGini3s1wDqHBBA="},"chainType":1,"messageKeys":{}}},"pendingPreKey":{"signedKeyId":1,"baseKey":"BbZbfkxhUFBln/RozXrS6lyQ98dH3O3yCioDf+YpTTwa","preKeyId":5469170}}},"version":"v1"}