{"_sessions":{"BeHuVbpJnWV5LTqTj8zSqqLC6/opPvAvoLo4zNBVZBhy":{"registrationId":625603560,"currentRatchet":{"ephemeralKeyPair":{"pubKey":"BSpm5LksaTHcQihApeMCTbuW3KsmDnSfovwmQwRCS71B","privKey":"eA117cKjxX5BqqL4ciXHthQidhd6HS2mP57MDqz711U="},"lastRemoteEphemeralKey":"BRmJkRnYLMriejl19xAuc0cRraunc9+mGAN78eBciXsr","previousCounter":0,"rootKey":"Eb6IWzMXSrK4G4b21nPKmfIwshqibUhWEEbbYG+IEeg="},"indexInfo":{"baseKey":"BeHuVbpJnWV5LTqTj8zSqqLC6/opPvAvoLo4zNBVZBhy","baseKeyType":1,"closed":-1,"used":1684316933509,"created":1684316933509,"remoteIdentityKey":"BexwK2m7INWI7+Kb2hkC+XTcqZd9DQeAXxjjVufSJMRS"},"_chains":{"BSpm5LksaTHcQihApeMCTbuW3KsmDnSfovwmQwRCS71B":{"chainKey":{"counter":0,"key":"Es8SpEpZT2dc+pUXo5T+/hw4HvBJU4CN7vQGvok7o3g="},"chainType":1,"messageKeys":{}}},"pendingPreKey":{"signedKeyId":2,"baseKey":"BeHuVbpJnWV5LTqTj8zSqqLC6/opPvAvoLo4zNBVZBhy","preKeyId":11623745}}},"version":"v1"}