{"_sessions":{"BcPNfAZmdMPbWCKvv0wFLrDgCFkoqGeE0h/FifcULrwf":{"registrationId":283938629,"currentRatchet":{"ephemeralKeyPair":{"pubKey":"BaFDsELtEJqIOspDd3s3gDGTwS8zxLBFnUTaMBY0UWtS","privKey":"IOkTejI+th4OPTx3rAraLEhZY4JBp3nrgt/x38nEfn8="},"lastRemoteEphemeralKey":"BdTcKShvC8aaLXYMcGhxSndcEyEdE3PxdwJAJ+5quzJS","previousCounter":0,"rootKey":"ukcvLbFqqwSK+1Qfo3TvIgr9MXS7Au7QnccND5VHMNU="},"indexInfo":{"baseKey":"BcPNfAZmdMPbWCKvv0wFLrDgCFkoqGeE0h/FifcULrwf","baseKeyType":1,"closed":-1,"used":1684283549301,"created":1684283549301,"remoteIdentityKey":"BS3NiFjS9+3pXG6odsFC7iMinHne2tJxppnW65AB5aoq"},"_chains":{"BaFDsELtEJqIOspDd3s3gDGTwS8zxLBFnUTaMBY0UWtS":{"chainKey":{"counter":5,"key":"0QcAWw61/kxbEqLXg2Blga6wvffYl9NbnBcJKLJJ/e8="},"chainType":1,"messageKeys":{}}},"pendingPreKey":{"signedKeyId":6,"baseKey":"BcPNfAZmdMPbWCKvv0wFLrDgCFkoqGeE0h/FifcULrwf"}}},"version":"v1"}