{"_sessions":{"BQesBEBusnHl/zvnPPGQeJWxhGINFHo699sRZTHyg2pw":{"registrationId":129,"currentRatchet":{"ephemeralKeyPair":{"pubKey":"BRhPfBbweY/r8qGzhcp9W5HryOMrzkfc1sr9E9Tdf3kz","privKey":"eAQme86c4VzGINaitv88w8FLhEDFqfq0C+w0OOtm6FE="},"lastRemoteEphemeralKey":"BUv3f8LRFKtbdZcOxlp2Rv8jkoYVmfJdsgw+7k6B/6NB","previousCounter":0,"rootKey":"ai4l/NR4BKWVzoottVkIWvrWT5+vmv0adz3+LFhinlA="},"indexInfo":{"baseKey":"BQesBEBusnHl/zvnPPGQeJWxhGINFHo699sRZTHyg2pw","baseKeyType":1,"closed":-1,"used":1684277963864,"created":1684277963864,"remoteIdentityKey":"BeJ4nu4CFMeFtasn5QBvmO66McU9ZvFG/zMRid4/HJES"},"_chains":{"BRhPfBbweY/r8qGzhcp9W5HryOMrzkfc1sr9E9Tdf3kz":{"chainKey":{"counter":0,"key":"xHrdPstVcI5LodqfYVno7Vs2V1wuuNq/dDbWW6RhYJ4="},"chainType":1,"messageKeys":{}}},"pendingPreKey":{"signedKeyId":1,"baseKey":"BQesBEBusnHl/zvnPPGQeJWxhGINFHo699sRZTHyg2pw"}}},"version":"v1"}