{"_sessions":{"BXlizWCDOoAHqxW5QVP1XVeIc2gp4In6H2LiWtucGhEM":{"registrationId":1706481902,"currentRatchet":{"ephemeralKeyPair":{"pubKey":"BVSk3qJb7d3GRGh2pT4olevt1zR4sNV9FY9TH9Nngudi","privKey":"iMQMwFM/nD/bVWalVU2yQi49ZueHzcV1d3nuazLA1Uo="},"lastRemoteEphemeralKey":"BcuR1Xm/WaqDDiY+R6Fm8W4vHXFek/NbtTx3UM0Bu/lR","previousCounter":0,"rootKey":"TWgqHLebJ8xWy2/kWnN4Q+GAyDH9SOh7OzTJyg/K1YE="},"indexInfo":{"baseKey":"BXlizWCDOoAHqxW5QVP1XVeIc2gp4In6H2LiWtucGhEM","baseKeyType":1,"closed":1684297185375,"used":1684283549323,"created":1684283549323,"remoteIdentityKey":"BawEClIWOCWgPDzGlEM4gPs5ATWDN2BsjDd216UzlQR1"},"_chains":{"BVSk3qJb7d3GRGh2pT4olevt1zR4sNV9FY9TH9Nngudi":{"chainKey":{"counter":0,"key":"DvBFl35e+6Od1yDmJGMXzWDbIdlZxVb+Gzh0rEW/9gU="},"chainType":1,"messageKeys":{}}},"pendingPreKey":{"signedKeyId":1,"baseKey":"BXlizWCDOoAHqxW5QVP1XVeIc2gp4In6H2LiWtucGhEM"}},"BVcptXkbkoU8m0zx8KSChu9ZUrIIPXs6Cm6Sfx822xEi":{"registrationId":1706481902,"currentRatchet":{"ephemeralKeyPair":{"pubKey":"BfBrPqC5FAH05syGjK9nF7JCKtAvTg+xWq7FSEG0s78g","privKey":"sDZeRaQv+qXG6dame8J8a8Num4/2ar0ADfdHBJTKGXs="},"lastRemoteEphemeralKey":"BcuR1Xm/WaqDDiY+R6Fm8W4vHXFek/NbtTx3UM0Bu/lR","previousCounter":0,"rootKey":"o8VhViKfquC4bYPaFI3vj4uLxhloR0oEGxAxhT0Bomk="},"indexInfo":{"baseKey":"BVcptXkbkoU8m0zx8KSChu9ZUrIIPXs6Cm6Sfx822xEi","baseKeyType":1,"closed":1684297191571,"used":1684297185365,"created":1684297185365,"remoteIdentityKey":"BawEClIWOCWgPDzGlEM4gPs5ATWDN2BsjDd216UzlQR1"},"_chains":{"BfBrPqC5FAH05syGjK9nF7JCKtAvTg+xWq7FSEG0s78g":{"chainKey":{"counter":-1,"key":"QP4Ry8QFs98csPkBeNjpnpCf85Zrst4SSe/VN3/WUsw="},"chainType":1,"messageKeys":{}}},"pendingPreKey":{"signedKeyId":1,"baseKey":"BVcptXkbkoU8m0zx8KSChu9ZUrIIPXs6Cm6Sfx822xEi"}},"BV0cQoO6EtwMs5CrO/EuP2csu7Q0HARaM83uBQ6F+105":{"registrationId":1706481902,"currentRatchet":{"ephemeralKeyPair":{"pubKey":"BV04rmXa9wna0h95DoqeT/FY93NNCB7Z6bwkXYQD0gQe","privKey":"GGrLiQMYJI8MJHR378Mlyn2cioj3k223PEHILCoVJ18="},"lastRemoteEphemeralKey":"BcuR1Xm/WaqDDiY+R6Fm8W4vHXFek/NbtTx3UM0Bu/lR","previousCounter":0,"rootKey":"FoRrfHzZr4IrO3ttG4g3nPEu8SLapgQCC3joVJfpWD4="},"indexInfo":{"baseKey":"BV0cQoO6EtwMs5CrO/EuP2csu7Q0HARaM83uBQ6F+105","baseKeyType":1,"closed":1684297191822,"used":1684297191565,"created":1684297191565,"remoteIdentityKey":"BawEClIWOCWgPDzGlEM4gPs5ATWDN2BsjDd216UzlQR1"},"_chains":{"BV04rmXa9wna0h95DoqeT/FY93NNCB7Z6bwkXYQD0gQe":{"chainKey":{"counter":-1,"key":"pTbqdk4J0535UYz9llCT7yezLv4Era3F1AKlYRzEwFo="},"chainType":1,"messageKeys":{}}},"pendingPreKey":{"signedKeyId":1,"baseKey":"BV0cQoO6EtwMs5CrO/EuP2csu7Q0HARaM83uBQ6F+105"}},"BaOCq31UXRe/zjz9lQ3Ls2bJAHdI1LNINIj8n8zCMFoE":{"registrationId":1706481902,"currentRatchet":{"ephemeralKeyPair":{"pubKey":"BeOFtaWyYgh4udRsGCvxpBLDyN/USQ/NwFYGsCK03Hsu","privKey":"0DJtdFwCcSAF9rA5Elk0DrrK0tgu6Ft614euAHtUb2U="},"lastRemoteEphemeralKey":"BcuR1Xm/WaqDDiY+R6Fm8W4vHXFek/NbtTx3UM0Bu/lR","previousCounter":0,"rootKey":"VC9VBXZD1RuPalZis04Q4knNs2pEvNs/MuF/AVykAvU="},"indexInfo":{"baseKey":"BaOCq31UXRe/zjz9lQ3Ls2bJAHdI1LNINIj8n8zCMFoE","baseKeyType":1,"closed":1684297192137,"used":1684297191818,"created":1684297191818,"remoteIdentityKey":"BawEClIWOCWgPDzGlEM4gPs5ATWDN2BsjDd216UzlQR1"},"_chains":{"BeOFtaWyYgh4udRsGCvxpBLDyN/USQ/NwFYGsCK03Hsu":{"chainKey":{"counter":-1,"key":"xn05XocW1OQdbx153k4i39VH2MarH2/iCisuWmr76cE="},"chainType":1,"messageKeys":{}}},"pendingPreKey":{"signedKeyId":1,"baseKey":"BaOCq31UXRe/zjz9lQ3Ls2bJAHdI1LNINIj8n8zCMFoE"}},"BSLLmd6lw/TM96N1YFgCWxqHclGwKxMw7EAwyCote/08":{"registrationId":1706481902,"currentRatchet":{"ephemeralKeyPair":{"pubKey":"BQ13qnLAA1N2OqU5A8jX9rkJSWMXSp6KKj+uw0AZ8Wwj","privKey":"8JMWsT8snrXRHa2SGnCjUoghW4pbMGBhNHH5fihFFUM="},"lastRemoteEphemeralKey":"BcuR1Xm/WaqDDiY+R6Fm8W4vHXFek/NbtTx3UM0Bu/lR","previousCounter":0,"rootKey":"t7889DwaDcQZMCeXUvhPFzhbqHtHlA8fP248Y6liuwM="},"indexInfo":{"baseKey":"BSLLmd6lw/TM96N1YFgCWxqHclGwKxMw7EAwyCote/08","baseKeyType":1,"closed":1684297255203,"used":1684297192128,"created":1684297192128,"remoteIdentityKey":"BawEClIWOCWgPDzGlEM4gPs5ATWDN2BsjDd216UzlQR1"},"_chains":{"BQ13qnLAA1N2OqU5A8jX9rkJSWMXSp6KKj+uw0AZ8Wwj":{"chainKey":{"counter":-1,"key":"BHJT94rUDSf3OjJL9oywSdwOaHYQedLgJZOPnccGEhM="},"chainType":1,"messageKeys":{}}},"pendingPreKey":{"signedKeyId":1,"baseKey":"BSLLmd6lw/TM96N1YFgCWxqHclGwKxMw7EAwyCote/08"}},"BVzTBIBFzKlD9jY9ifIcWPQ3HR/PEASnL0p8L+85Utw6":{"registrationId":1706481902,"currentRatchet":{"ephemeralKeyPair":{"pubKey":"BdHiR/qsk+SfKSj3IsYSknGcMy90g3fDyfSo3gMkcDVp","privKey":"OKxS2bylASZJllZCMOIzoKPqvK+TFH4SdGxno7/9yE0="},"lastRemoteEphemeralKey":"BcuR1Xm/WaqDDiY+R6Fm8W4vHXFek/NbtTx3UM0Bu/lR","previousCounter":0,"rootKey":"PDirKahBWvjk+3u6ANS2mT7BAA7yMVIpCj/SVSGUFzI="},"indexInfo":{"baseKey":"BVzTBIBFzKlD9jY9ifIcWPQ3HR/PEASnL0p8L+85Utw6","baseKeyType":1,"closed":1684297255731,"used":1684297255166,"created":1684297255166,"remoteIdentityKey":"BawEClIWOCWgPDzGlEM4gPs5ATWDN2BsjDd216UzlQR1"},"_chains":{"BdHiR/qsk+SfKSj3IsYSknGcMy90g3fDyfSo3gMkcDVp":{"chainKey":{"counter":-1,"key":"R5y/xQ6uB6IV+yigxSoPVWKzUTvVm2sO3ySH70G2Eg4="},"chainType":1,"messageKeys":{}}},"pendingPreKey":{"signedKeyId":1,"baseKey":"BVzTBIBFzKlD9jY9ifIcWPQ3HR/PEASnL0p8L+85Utw6"}},"BXwn3SHNT4ezMGilggT4Bhd26f9McsWdPPENA+js2c8Q":{"registrationId":1706481902,"currentRatchet":{"ephemeralKeyPair":{"pubKey":"BR37nwBebjYbzrGzMqL8+GqbujGXJlR6NMOsPvkl+SJV","privKey":"WBAb3rP2vidP7W1LsJE13wiQMV7ikUsdCoZGTyI6DX8="},"lastRemoteEphemeralKey":"BcuR1Xm/WaqDDiY+R6Fm8W4vHXFek/NbtTx3UM0Bu/lR","previousCounter":0,"rootKey":"n1lJYJFIij2eaW1lRXa7uxQMWoGHHhnoTFXsRi29x6k="},"indexInfo":{"baseKey":"BXwn3SHNT4ezMGilggT4Bhd26f9McsWdPPENA+js2c8Q","baseKeyType":1,"closed":1684297256092,"used":1684297255719,"created":1684297255719,"remoteIdentityKey":"BawEClIWOCWgPDzGlEM4gPs5ATWDN2BsjDd216UzlQR1"},"_chains":{"BR37nwBebjYbzrGzMqL8+GqbujGXJlR6NMOsPvkl+SJV":{"chainKey":{"counter":-1,"key":"jTstzgm4laJEOdXMYg3ZM8cIwIKLq5TaI7GousLMHII="},"chainType":1,"messageKeys":{}}},"pendingPreKey":{"signedKeyId":1,"baseKey":"BXwn3SHNT4ezMGilggT4Bhd26f9McsWdPPENA+js2c8Q"}},"BfEYJ7tlG0xvTApuuehm2xreEQCfGM5vuvJhz686mhdp":{"registrationId":1706481902,"currentRatchet":{"ephemeralKeyPair":{"pubKey":"BVO19ALYnmWK7Yjfsjyi8HopBsIKTHvsW82AKK6RqDN6","privKey":"wJBMHEuDEOgBK75BDgROnyTbC5N72fOKDgoC9DI7SW8="},"lastRemoteEphemeralKey":"BcuR1Xm/WaqDDiY+R6Fm8W4vHXFek/NbtTx3UM0Bu/lR","previousCounter":0,"rootKey":"LcCUcvkz0o2bWx2wLPKJ4fVktI8K42bCEu8uEUPiMog="},"indexInfo":{"baseKey":"BfEYJ7tlG0xvTApuuehm2xreEQCfGM5vuvJhz686mhdp","baseKeyType":1,"closed":1684297408518,"used":1684297256079,"created":1684297256079,"remoteIdentityKey":"BawEClIWOCWgPDzGlEM4gPs5ATWDN2BsjDd216UzlQR1"},"_chains":{"BVO19ALYnmWK7Yjfsjyi8HopBsIKTHvsW82AKK6RqDN6":{"chainKey":{"counter":-1,"key":"WJjzANdQtPs5BROv+SE+ARi01AGY3q+T4M1BSLzWXWs="},"chainType":1,"messageKeys":{}}},"pendingPreKey":{"signedKeyId":1,"baseKey":"BfEYJ7tlG0xvTApuuehm2xreEQCfGM5vuvJhz686mhdp"}},"BSkwS4pYZvZGHD1cFbrTWNO6w8v2JBxaulFn4qpJAVEA":{"registrationId":1706481902,"currentRatchet":{"ephemeralKeyPair":{"pubKey":"BS3DePeOJLJLcq0hHE54CK97FGoNVe6Cii2tK8W1LhJv","privKey":"eHrGfFYtNDVddDTPdVVL4Jm2ikD0oga+URoTDRPR5UI="},"lastRemoteEphemeralKey":"BcuR1Xm/WaqDDiY+R6Fm8W4vHXFek/NbtTx3UM0Bu/lR","previousCounter":0,"rootKey":"4Y6A8EzqA/DH7z0bCdqjI9OwSgF1/ezgXiekJte17dQ="},"indexInfo":{"baseKey":"BSkwS4pYZvZGHD1cFbrTWNO6w8v2JBxaulFn4qpJAVEA","baseKeyType":1,"closed":1684297415841,"used":1684297408512,"created":1684297408512,"remoteIdentityKey":"BawEClIWOCWgPDzGlEM4gPs5ATWDN2BsjDd216UzlQR1"},"_chains":{"BS3DePeOJLJLcq0hHE54CK97FGoNVe6Cii2tK8W1LhJv":{"chainKey":{"counter":-1,"key":"6aygfj+rwfmazz5wyv2X3KtYtK7dYo2xeZMdWCsca/c="},"chainType":1,"messageKeys":{}}},"pendingPreKey":{"signedKeyId":1,"baseKey":"BSkwS4pYZvZGHD1cFbrTWNO6w8v2JBxaulFn4qpJAVEA"}},"BXhRrEcrZq9tI31lBnsXx+Uo16rEQ2I4z8OABTeF8JtA":{"registrationId":1706481902,"currentRatchet":{"ephemeralKeyPair":{"pubKey":"BZ0gXuwvRNBEBLCoIJu/7e/e1VIji+L/NPpk9CvrPpMq","privKey":"SCNCnB5FD6RFDhNv0LqmRHwZwkhKySiMtYYcuU4ssGU="},"lastRemoteEphemeralKey":"BcuR1Xm/WaqDDiY+R6Fm8W4vHXFek/NbtTx3UM0Bu/lR","previousCounter":0,"rootKey":"YnKoztgiVKM3vUMTz4sFkNQeNIM0zHOuH56hg8wVnmM="},"indexInfo":{"baseKey":"BXhRrEcrZq9tI31lBnsXx+Uo16rEQ2I4z8OABTeF8JtA","baseKeyType":1,"closed":1684297429168,"used":1684297415825,"created":1684297415825,"remoteIdentityKey":"BawEClIWOCWgPDzGlEM4gPs5ATWDN2BsjDd216UzlQR1"},"_chains":{"BZ0gXuwvRNBEBLCoIJu/7e/e1VIji+L/NPpk9CvrPpMq":{"chainKey":{"counter":-1,"key":"XZJ6WavN7roMpn7h+6asby6QdPnZps5thO9AtjvVO8g="},"chainType":1,"messageKeys":{}}},"pendingPreKey":{"signedKeyId":1,"baseKey":"BXhRrEcrZq9tI31lBnsXx+Uo16rEQ2I4z8OABTeF8JtA"}},"BQ712ndko6jKmprk7lvgV6COlF3rpzMK79XktBnItm5r":{"registrationId":1706481902,"currentRatchet":{"ephemeralKeyPair":{"pubKey":"BUGiY5Lalh3YGTWfQmWhi1RSQZ8hbzpSkSwH6azQJFId","privKey":"KHFaQj42o8mTRIKj1tph7h9gH4dZvMYWnd05TIZ+yGE="},"lastRemoteEphemeralKey":"BcuR1Xm/WaqDDiY+R6Fm8W4vHXFek/NbtTx3UM0Bu/lR","previousCounter":0,"rootKey":"oo3cRdIwpYJScQ7xc4DDgNpDxfFnLrVQr6ethRXOwKs="},"indexInfo":{"baseKey":"BQ712ndko6jKmprk7lvgV6COlF3rpzMK79XktBnItm5r","baseKeyType":1,"closed":1684297435357,"used":1684297429139,"created":1684297429139,"remoteIdentityKey":"BawEClIWOCWgPDzGlEM4gPs5ATWDN2BsjDd216UzlQR1"},"_chains":{"BUGiY5Lalh3YGTWfQmWhi1RSQZ8hbzpSkSwH6azQJFId":{"chainKey":{"counter":-1,"key":"elMjHgg2/h33tZrocGUsRtDheN3SIwaksbbWGNrRDl4="},"chainType":1,"messageKeys":{}}},"pendingPreKey":{"signedKeyId":1,"baseKey":"BQ712ndko6jKmprk7lvgV6COlF3rpzMK79XktBnItm5r"}},"BTug6ICrU+v/8wqn77eXvKcHv62m10vu1qfNDAzqA+M6":{"registrationId":1706481902,"currentRatchet":{"ephemeralKeyPair":{"pubKey":"BQlD5AX6jeqyPmgl6+NRPwfCDItkwdCqnK6qjACGppg/","privKey":"GLW9AdePi++0U5vmdT4jNbOtEEYuo7TmoeV2ApEyhnA="},"lastRemoteEphemeralKey":"BcuR1Xm/WaqDDiY+R6Fm8W4vHXFek/NbtTx3UM0Bu/lR","previousCounter":0,"rootKey":"wJ6uUucbs2ZGQ5FWn4USsRKiMyZN8qQm7E+zEU1JJbQ="},"indexInfo":{"baseKey":"BTug6ICrU+v/8wqn77eXvKcHv62m10vu1qfNDAzqA+M6","baseKeyType":1,"closed":1684297436606,"used":1684297435353,"created":1684297435353,"remoteIdentityKey":"BawEClIWOCWgPDzGlEM4gPs5ATWDN2BsjDd216UzlQR1"},"_chains":{"BQlD5AX6jeqyPmgl6+NRPwfCDItkwdCqnK6qjACGppg/":{"chainKey":{"counter":-1,"key":"Cofd7oPmpe3+5DqhoqrjptO+hMMPKqLLBbm5pypQMkc="},"chainType":1,"messageKeys":{}}},"pendingPreKey":{"signedKeyId":1,"baseKey":"BTug6ICrU+v/8wqn77eXvKcHv62m10vu1qfNDAzqA+M6"}},"BeF6ieF7RHu7C+OOWf9B/amG5ZxS7fgswH2JfVBZIaRm":{"registrationId":1706481902,"currentRatchet":{"ephemeralKeyPair":{"pubKey":"Ba7RdRSJq5yjKLEaWPo5c9khr+IX4qoXfmMxbQ+sLxlK","privKey":"gKN4BcedMt7qKlepD11DCWWtE6XT7MQ+XG3twJj03GY="},"lastRemoteEphemeralKey":"BbbK1P/lAK4EiOwiD5fxg0v/yD54A7UOLXfv0wxRXW88","previousCounter":1,"rootKey":"Rj/JKynbZxMD/myjyfcjGbWWI/++KVwTJXGxpY1Hx2M="},"indexInfo":{"baseKey":"BeF6ieF7RHu7C+OOWf9B/amG5ZxS7fgswH2JfVBZIaRm","baseKeyType":1,"closed":-1,"used":1684329501881,"created":1684297436604,"remoteIdentityKey":"BawEClIWOCWgPDzGlEM4gPs5ATWDN2BsjDd216UzlQR1"},"_chains":{"BbbK1P/lAK4EiOwiD5fxg0v/yD54A7UOLXfv0wxRXW88":{"chainKey":{"counter":0,"key":"gWpsSOG4c1/kK6WN9V95nvL3NvLyiCLR6icggmSVMU4="},"chainType":2,"messageKeys":{}},"Ba7RdRSJq5yjKLEaWPo5c9khr+IX4qoXfmMxbQ+sLxlK":{"chainKey":{"counter":2,"key":"1V1ViOKaUahI56EqxggmHlQZYCG3ez0pkQ7SW6rSumE="},"chainType":1,"messageKeys":{}}}}},"version":"v1"}