{"_sessions":{"Bag1OLNf4XkmzoAyMJQud3O2F0PFKOVCtaXRJ1K5CT8E":{"registrationId":744179641,"currentRatchet":{"ephemeralKeyPair":{"pubKey":"BRtrcBFYtmPHZs1eGR0KYnCe9dPZs65vyl7AJSlRFoRG","privKey":"kDYPtO7fbiaGSiI2ixb1AtBDBNtzkfYvQxoUVIoax3c="},"lastRemoteEphemeralKey":"BRau0+oQFkZepO5Rv7HylVLvwTl9glqx4iE5ENWyK9V3","previousCounter":0,"rootKey":"aB+UodiI0+06wo4OQ/xVSfi3yaTE3H18xLdJc9wllUg="},"indexInfo":{"baseKey":"Bag1OLNf4XkmzoAyMJQud3O2F0PFKOVCtaXRJ1K5CT8E","baseKeyType":1,"closed":-1,"used":1684316933515,"created":1684316933515,"remoteIdentityKey":"BfQKLEMkzJpmkeUpj9Xuo9nGbPj2I9Q/pAtvUcw302h+"},"_chains":{"BRtrcBFYtmPHZs1eGR0KYnCe9dPZs65vyl7AJSlRFoRG":{"chainKey":{"counter":0,"key":"gYarOGgGoiQQZosfFcRpt0EpUOc8Sc1wrFsMwyIMp6s="},"chainType":1,"messageKeys":{}}},"pendingPreKey":{"signedKeyId":18,"baseKey":"Bag1OLNf4XkmzoAyMJQud3O2F0PFKOVCtaXRJ1K5CT8E","preKeyId":13360882}}},"version":"v1"}