{"_sessions":{"BbQFoOn4dWEoihthOC6VYiLpFEVmm+rpafwL3vsD/cNP":{"registrationId":417481950,"currentRatchet":{"ephemeralKeyPair":{"pubKey":"BT7THPHfCC+74gLBAmmv0onBSLfNeY8/qcL6+kwmk8pf","privKey":"WJiS4UtK6Rqn1BSPJ5fMRLbqk5wqgqED9VB9duNhe1g="},"lastRemoteEphemeralKey":"BUmWVEUaUbsgsi7gdNc5WVFXBp4NhoiYj+VckF42dVMu","previousCounter":0,"rootKey":"8zHxuP1fUEy3EvsYOgKwSPyoAD7tdLiSDMytMoO2lVo="},"indexInfo":{"baseKey":"BbQFoOn4dWEoihthOC6VYiLpFEVmm+rpafwL3vsD/cNP","baseKeyType":1,"closed":-1,"used":1684288976408,"created":1684288976408,"remoteIdentityKey":"BR2nOb43aHenQYrT32aOTAzRGbi1fbreAjnOmIzWI7R3"},"_chains":{"BT7THPHfCC+74gLBAmmv0onBSLfNeY8/qcL6+kwmk8pf":{"chainKey":{"counter":0,"key":"YCc5+s9uwrgxTBoYcOK6h0fTMisetr/ZoVG5YxMw4OM="},"chainType":1,"messageKeys":{}}},"pendingPreKey":{"signedKeyId":3,"baseKey":"BbQFoOn4dWEoihthOC6VYiLpFEVmm+rpafwL3vsD/cNP","preKeyId":10520941}}},"version":"v1"}