{"_sessions":{"BbaIXAKZEfLaur7i7j4qNJ/zxa3VNR1px6XcMcIq+Z0A":{"registrationId":1782324340,"currentRatchet":{"ephemeralKeyPair":{"pubKey":"BaLhVD8dmCie1gdH8ep+qb53+j6BWTBGo1LMg2GTOVUj","privKey":"0Cjyzn2wmXhGrxP69quyaajljSfJ4UbuJhLYjlkIk0g="},"lastRemoteEphemeralKey":"BR7xHA2Zc6B7fXi3RQNdXGOkuMMwD52xIpsdI89SlC4x","previousCounter":0,"rootKey":"PXzzNYcpnj5wtdsJ7SOhu43ANNE3pCv1uG/tJTDAHjg="},"indexInfo":{"baseKey":"BbaIXAKZEfLaur7i7j4qNJ/zxa3VNR1px6XcMcIq+Z0A","baseKeyType":1,"closed":-1,"used":1684275212391,"created":1684275212391,"remoteIdentityKey":"BYTS2EkN0b89Ucude6i/K5ekhE6qu8hgeLDJHsddVuwn"},"_chains":{"BaLhVD8dmCie1gdH8ep+qb53+j6BWTBGo1LMg2GTOVUj":{"chainKey":{"counter":0,"key":"4oCBUvEYLlBId9C6qPcet17bwZ/Yjl6MYVJxYJXYGZ0="},"chainType":1,"messageKeys":{}}},"pendingPreKey":{"signedKeyId":3,"baseKey":"BbaIXAKZEfLaur7i7j4qNJ/zxa3VNR1px6XcMcIq+Z0A","preKeyId":13543788}}},"version":"v1"}