{"_sessions":{"BXqqVZD2auq9WazmYbWYwwryv2M9O8owUzFe3L0JTeIH":{"registrationId":854061462,"currentRatchet":{"ephemeralKeyPair":{"pubKey":"BWGmMJ/GGCutZx2+Bsrzrrw7+laKJfEeBOXsNd4Hf5Uw","privKey":"iGfKvwlrvbS8R11Tw/16kqTTrY8Ykpdc/aYcZ/ClbUc="},"lastRemoteEphemeralKey":"BbsfwgFLly3pQ5RpZBfNOgI+9RXCCBrv6v1v8LD85FxF","previousCounter":0,"rootKey":"EJCiv2STZjVQ+9sc6Hc+N31JPySA4cMFzKhqges8Kag="},"indexInfo":{"baseKey":"BXqqVZD2auq9WazmYbWYwwryv2M9O8owUzFe3L0JTeIH","baseKeyType":1,"closed":-1,"used":1684288976403,"created":1684288976403,"remoteIdentityKey":"BQo5UExlhqGs0WYvnpDsSfJcQHPZcHhH/a3pte/hkU50"},"_chains":{"BWGmMJ/GGCutZx2+Bsrzrrw7+laKJfEeBOXsNd4Hf5Uw":{"chainKey":{"counter":0,"key":"2d6ShPHCz6pi8GF5LL20O15B5kBaNLjw1mGVpOOHJIc="},"chainType":1,"messageKeys":{}}},"pendingPreKey":{"signedKeyId":1,"baseKey":"BXqqVZD2auq9WazmYbWYwwryv2M9O8owUzFe3L0JTeIH","preKeyId":9204612}}},"version":"v1"}