{"_sessions":{"BbmhRm/osEjzdS7Lr7MM2HGRP+oDOnjZ/48vQ3rVOeMv":{"registrationId":160047172,"currentRatchet":{"ephemeralKeyPair":{"pubKey":"Bb2z84BZ/bkMbPPYlbF16mcb5pwtGZeiMv00S24nNIo3","privKey":"KK/h4jQReHC38RuIToK/rcs7Ydzjw1Oeocj5WsqK6kk="},"lastRemoteEphemeralKey":"BcOCuFg3k0oOuZPW5Ymsu8YP0cK0LOvomi3JPbqdsitF","previousCounter":0,"rootKey":"l2wX6IuJkDzSPb1rXMQO8vcbvdhuo2EdJyxpFpx06ZY="},"indexInfo":{"baseKey":"BbmhRm/osEjzdS7Lr7MM2HGRP+oDOnjZ/48vQ3rVOeMv","baseKeyType":1,"closed":-1,"used":1684277964799,"created":1684277964799,"remoteIdentityKey":"BZJPy0lpz9JJf9sYgOs3v15BiLNP7mPprVSkhlPCmpth"},"_chains":{"Bb2z84BZ/bkMbPPYlbF16mcb5pwtGZeiMv00S24nNIo3":{"chainKey":{"counter":0,"key":"D+Xbum8H6LK4BJU1DZJUPwwUAX16mD3i1aSYcH0dLU0="},"chainType":1,"messageKeys":{}}},"pendingPreKey":{"signedKeyId":3,"baseKey":"BbmhRm/osEjzdS7Lr7MM2HGRP+oDOnjZ/48vQ3rVOeMv","preKeyId":1098742}}},"version":"v1"}