{"_sessions":{"BUTHCR0EWMm2F4uS2qT2LHVOYfVUl+YU8t0zqpfz0pBy":{"registrationId":1813800449,"currentRatchet":{"ephemeralKeyPair":{"pubKey":"BRugEWstm2rjBi4EGmP5If0m4XPEAgC30YKbEEtND9Ij","privKey":"4K9kEIMFbLpDBzBeyfL2tht9opjX22iWtrLz8fOugWc="},"lastRemoteEphemeralKey":"BfGl2p7Vj1wW1BmcalQb+1Bhc4ugy+oyhL0vaL856Os4","previousCounter":0,"rootKey":"M9W/+o8MdNJ76Xd1kTo2cl8RaM+CRAb+LwG+kLyG9tY="},"indexInfo":{"baseKey":"BUTHCR0EWMm2F4uS2qT2LHVOYfVUl+YU8t0zqpfz0pBy","baseKeyType":1,"closed":-1,"used":1684288976427,"created":1684288976427,"remoteIdentityKey":"BUpY9pz7W1yy3r9RVTY0YM5zrWsi0tx2gDfqxdwJjuMj"},"_chains":{"BRugEWstm2rjBi4EGmP5If0m4XPEAgC30YKbEEtND9Ij":{"chainKey":{"counter":0,"key":"HoDeMEd3S5mz/C8OR7s0tBrubPjIvvDhKpzp+nDM3uA="},"chainType":1,"messageKeys":{}}},"pendingPreKey":{"signedKeyId":10,"baseKey":"BUTHCR0EWMm2F4uS2qT2LHVOYfVUl+YU8t0zqpfz0pBy","preKeyId":12237560}}},"version":"v1"}