{"_sessions":{"BTWeeu79DMsA6ATgnjlq4+L6MfEyKL212cperWB7x9kF":{"registrationId":507758254,"currentRatchet":{"ephemeralKeyPair":{"pubKey":"BYCNj1/ItdKLmJKj8JAAYjXIMZCWM96nAYHs+M+BAsgk","privKey":"KAL2toHDpIJFHu6aqFWeiow5iVoi0qK/FFLVlmfS9WM="},"lastRemoteEphemeralKey":"BR6MPesqItK4dAoSLk3nGQCQGk5ThLWGOUC4daqsjdIs","previousCounter":0,"rootKey":"OfFIx1lcqSVQHB5iBDKcAM6JK4HIAY/HEaJTPbpF8Yk="},"indexInfo":{"baseKey":"BTWeeu79DMsA6ATgnjlq4+L6MfEyKL212cperWB7x9kF","baseKeyType":1,"closed":-1,"used":1684277964687,"created":1684277964687,"remoteIdentityKey":"BfAk+WIhXblKcuNxDPx/oi2k5j+naGL26kYZSzl366hk"},"_chains":{"BYCNj1/ItdKLmJKj8JAAYjXIMZCWM96nAYHs+M+BAsgk":{"chainKey":{"counter":0,"key":"0WlNtrA78YyDSBbIoV4IJVduP2bz4yp00kzoAQIpMyM="},"chainType":1,"messageKeys":{}}},"pendingPreKey":{"signedKeyId":1,"baseKey":"BTWeeu79DMsA6ATgnjlq4+L6MfEyKL212cperWB7x9kF"}}},"version":"v1"}