{"_sessions":{"BSIlNiD1d/qZ//5FG/Xxkpu21HJGAhjQZ7Aou8ffkd8p":{"registrationId":957282578,"currentRatchet":{"ephemeralKeyPair":{"pubKey":"BSH+9x2B6s7qTu9fx0Ns4q2a+JmKA37p6mdTOQiGxedQ","privKey":"gKe1qc+mZP3paIB0xWSSHcoy6S70x4lkRYJkxHFzS20="},"lastRemoteEphemeralKey":"BXWDDzubSFB96CeiVQMvkG4Q5aXvgL98ntrUpkhSzpgI","previousCounter":0,"rootKey":"I9+BXyjdZHi1XTIlUotFCnZqVJdezhSNcNDQJvYBusU="},"indexInfo":{"baseKey":"BSIlNiD1d/qZ//5FG/Xxkpu21HJGAhjQZ7Aou8ffkd8p","baseKeyType":1,"closed":1684274132827,"used":1684274084020,"created":1684274084020,"remoteIdentityKey":"Bb0U6neZPOXYGcfS7lh6CGtIlq6G3hSEp4+5JuKQUmdD"},"_chains":{"BSH+9x2B6s7qTu9fx0Ns4q2a+JmKA37p6mdTOQiGxedQ":{"chainKey":{"counter":0,"key":"4m9A6Scgorqf8dXts+51wXsCswaQMBA8v3HXOmQLotQ="},"chainType":1,"messageKeys":{}}},"pendingPreKey":{"signedKeyId":3,"baseKey":"BSIlNiD1d/qZ//5FG/Xxkpu21HJGAhjQZ7Aou8ffkd8p","preKeyId":8376243}},"BcKZL2xVjEbYzVH13EPoRFD+2FKO/1OTDh5PKnsan+F3":{"registrationId":957282578,"currentRatchet":{"ephemeralKeyPair":{"pubKey":"BS2rkEijQ7ylW43jhbHp15VYS7G3rmC6RQX7vfA+/sIG","privKey":"UKOd71m1NitD1pE25fk3TY8iAMdxpxDETcPeteMs/1I="},"lastRemoteEphemeralKey":"BXWDDzubSFB96CeiVQMvkG4Q5aXvgL98ntrUpkhSzpgI","previousCounter":0,"rootKey":"uu8yMViicXBo8jD17hy/Pg7wV298Dv8lA57p3wUgNNo="},"indexInfo":{"baseKey":"BcKZL2xVjEbYzVH13EPoRFD+2FKO/1OTDh5PKnsan+F3","baseKeyType":1,"closed":-1,"used":1684274132818,"created":1684274132818,"remoteIdentityKey":"Bb0U6neZPOXYGcfS7lh6CGtIlq6G3hSEp4+5JuKQUmdD"},"_chains":{"BS2rkEijQ7ylW43jhbHp15VYS7G3rmC6RQX7vfA+/sIG":{"chainKey":{"counter":0,"key":"jNo8iax+kynjyGrwVm3tMRfc/PESfkW+4167UaomRNY="},"chainType":1,"messageKeys":{}}},"pendingPreKey":{"signedKeyId":3,"baseKey":"BcKZL2xVjEbYzVH13EPoRFD+2FKO/1OTDh5PKnsan+F3","preKeyId":8376426}}},"version":"v1"}