{"_sessions":{"BfXkdOci2w6V3YSLSf70RjoMkLQtlz329WIZVc57A/FS":{"registrationId":249,"currentRatchet":{"ephemeralKeyPair":{"pubKey":"BZWccivZS5pRJ8Y1tCzwwVleeOqQrG6jDr9suau/pxFf","privKey":"8KeWauQKdKp4HI8o5iCSj+IKXxda3dPZS0Ek2J89NGs="},"lastRemoteEphemeralKey":"BU4gRcDWdSN0QCyxC7VOJFE3oGzv030dIqZ/jXk4/hxr","previousCounter":0,"rootKey":"g1cKPfw4q+J2mDZaH/qeAWyX6b+ptECEIvm77TJktwk="},"indexInfo":{"baseKey":"BfXkdOci2w6V3YSLSf70RjoMkLQtlz329WIZVc57A/FS","baseKeyType":1,"closed":-1,"used":1684295894493,"created":1684295894493,"remoteIdentityKey":"BcxTUI23cZi6j51dRckSK9+DYJXyYGfKM7j/e/fidmol"},"_chains":{"BZWccivZS5pRJ8Y1tCzwwVleeOqQrG6jDr9suau/pxFf":{"chainKey":{"counter":0,"key":"C4RgkUuuC5DbxMVsdjerZKh10D7maOYyC+QpxWMosw0="},"chainType":1,"messageKeys":{}}},"pendingPreKey":{"signedKeyId":1,"baseKey":"BfXkdOci2w6V3YSLSf70RjoMkLQtlz329WIZVc57A/FS","preKeyId":46}}},"version":"v1"}