{"_sessions":{"BY9aCS/kLd102CsJZaP41gK67zBcGnGq+Z++C2/odjBZ":{"registrationId":1545229081,"currentRatchet":{"ephemeralKeyPair":{"pubKey":"BSxx2v4+3MryAxoOfDkZYlsJ3uMMSRJfz1RCpvZ+ojdZ","privKey":"WLZ10Rm+ZH057NbeoB9D9cy8jAV6CrXoInr99NUkK1E="},"lastRemoteEphemeralKey":"BfAfoOqlL1U2KRxM54ZHk+lzx5ipCGhLNn4BU49XpDt2","previousCounter":0,"rootKey":"myE5zBCLAeBRqiJ4W1+GpzfPZLNbhfKEBSovevBqJ04="},"indexInfo":{"baseKey":"BY9aCS/kLd102CsJZaP41gK67zBcGnGq+Z++C2/odjBZ","baseKeyType":1,"closed":-1,"used":1684277964691,"created":1684277964691,"remoteIdentityKey":"BepYS3nk8hJ0e3fh4c2kZIkxVmGbH1aspeEOtipm5850"},"_chains":{"BSxx2v4+3MryAxoOfDkZYlsJ3uMMSRJfz1RCpvZ+ojdZ":{"chainKey":{"counter":0,"key":"7MatckTFGqNK9sm3WD52YYrbvfhG6xtrpix2xUQ7ygw="},"chainType":1,"messageKeys":{}}},"pendingPreKey":{"signedKeyId":0,"baseKey":"BY9aCS/kLd102CsJZaP41gK67zBcGnGq+Z++C2/odjBZ"}}},"version":"v1"}