{"_sessions":{"BVPC/dmAAhA5ua7/RKv/fd3mUjqh9ZCQTIZUESBvs0ct":{"registrationId":203608590,"currentRatchet":{"ephemeralKeyPair":{"pubKey":"BSywos6RdY6tEq6CX51xYjADim7Pp67UUqsfPuY1FUcD","privKey":"sNxBRySTuYf6VBSxfFhEdRN9lt0lXjlPwmTBjfod+Xg="},"lastRemoteEphemeralKey":"BfbkfPfFJ3UrKyK7mqIqxEJ2GTaOdRX4XXSaxHGfPHgj","previousCounter":0,"rootKey":"YQxZ56C3nSK55KLB1Q2JeoObeVRb3q0usDo2H8n4f9Q="},"indexInfo":{"baseKey":"BVPC/dmAAhA5ua7/RKv/fd3mUjqh9ZCQTIZUESBvs0ct","baseKeyType":1,"closed":-1,"used":1684277964706,"created":1684277964706,"remoteIdentityKey":"BUBwCX6qlX2h3vgLluBfKYzilsFN7VaddP10bawbxOAB"},"_chains":{"BSywos6RdY6tEq6CX51xYjADim7Pp67UUqsfPuY1FUcD":{"chainKey":{"counter":0,"key":"JF4umMxCj3HfJhauTBUCXkZ/mQd/rD8NhJRvCXYcp/M="},"chainType":1,"messageKeys":{}}},"pendingPreKey":{"signedKeyId":0,"baseKey":"BVPC/dmAAhA5ua7/RKv/fd3mUjqh9ZCQTIZUESBvs0ct","preKeyId":12061991}}},"version":"v1"}