{"_sessions":{"BTBOcta3VI0jR2WRUzsjI+l8S2UXOeJ4VujiN4m2DF5p":{"registrationId":141,"currentRatchet":{"ephemeralKeyPair":{"pubKey":"BarLWyp5sL62WW+YX4+/9095fWfQtVA3B0GBHcNGASpS","privKey":"UIq2w0HgRBI79yaAZnBH2MEYE5X7KQTjgTXfs10gPVM="},"lastRemoteEphemeralKey":"BaB/PyhITDAvLaQiePRpoatXechqYIiIXcyUcjsuZRRf","previousCounter":0,"rootKey":"ct1M0xx3h0UYE7bz2YWCnZWKqW+LRPodn6A/MBpl8H4="},"indexInfo":{"baseKey":"BTBOcta3VI0jR2WRUzsjI+l8S2UXOeJ4VujiN4m2DF5p","baseKeyType":1,"closed":-1,"used":1684283549267,"created":1684283549267,"remoteIdentityKey":"BR5C8XoKHSDUuY/8d1FZK0emOtWIYTXrJhj/kcmSly48"},"_chains":{"BarLWyp5sL62WW+YX4+/9095fWfQtVA3B0GBHcNGASpS":{"chainKey":{"counter":2,"key":"O8/vOazW+C4dG/UTJb/0Yf1KkvFeGB/TTnjDG9phtDI="},"chainType":1,"messageKeys":{}}},"pendingPreKey":{"signedKeyId":1,"baseKey":"BTBOcta3VI0jR2WRUzsjI+l8S2UXOeJ4VujiN4m2DF5p","preKeyId":48}}},"version":"v1"}