{"_sessions":{"BcD8ci5EfgEcuuaM5caP/J/L6xnWS28gOj7oSE9KZ3hI":{"registrationId":1014837107,"currentRatchet":{"ephemeralKeyPair":{"pubKey":"BaL8PxryZv7zadSoD41kK2DFB/s3lMvqRsEmMab4S+1F","privKey":"yHXVFpw55IrAxtl4a+5DADR4K7rdzRxDQfBraG21MnU="},"lastRemoteEphemeralKey":"BfIANMeW2nh49AL7OTGWFT3jA1o4g3GpJGy27N2BZfQP","previousCounter":0,"rootKey":"jYfhNYdHeFVEt/i4D5W4k7PjWhHjQTUSzdUH7ezqpvY="},"indexInfo":{"baseKey":"BcD8ci5EfgEcuuaM5caP/J/L6xnWS28gOj7oSE9KZ3hI","baseKeyType":1,"closed":-1,"used":1684288976478,"created":1684288976478,"remoteIdentityKey":"BZzZEMTYL2vjKewESOTrcRyB4aKUd7jQ2NppHEPvdfQq"},"_chains":{"BaL8PxryZv7zadSoD41kK2DFB/s3lMvqRsEmMab4S+1F":{"chainKey":{"counter":0,"key":"6QvNZjGq26PZnzdk9aMi/f81sMgQcvhpS90Njqnk8eA="},"chainType":1,"messageKeys":{}}},"pendingPreKey":{"signedKeyId":2,"baseKey":"BcD8ci5EfgEcuuaM5caP/J/L6xnWS28gOj7oSE9KZ3hI","preKeyId":12472305}}},"version":"v1"}