{"_sessions":{"BeLrxT7zyUQnJPkzCS7NZTDFbbLOacIXvY2JIZkBnkQY":{"registrationId":636637274,"currentRatchet":{"ephemeralKeyPair":{"pubKey":"Bf43TEb0NdHSYyY4FJIOISx6tfiECn4BU5TuYqAGlXgD","privKey":"UF7ryZWpIW2Spc2qLaMWbJwvApr77CTppo7Ja401q3A="},"lastRemoteEphemeralKey":"BYpcJHrytBsk7sS6EtxgXIE13iWgHMxi3sakZp7sJSBR","previousCounter":0,"rootKey":"8eFHRnm+/JCOUr1E/jy8vHnD6XmmJFJNcYVY2z43slg="},"indexInfo":{"baseKey":"BeLrxT7zyUQnJPkzCS7NZTDFbbLOacIXvY2JIZkBnkQY","baseKeyType":1,"closed":-1,"used":1684288976497,"created":1684288976497,"remoteIdentityKey":"BYPOiYNeG0qo/k8H3SvV75HnfmE0L7wo98gUg9rS1kUi"},"_chains":{"Bf43TEb0NdHSYyY4FJIOISx6tfiECn4BU5TuYqAGlXgD":{"chainKey":{"counter":0,"key":"/rerlKPwdT/AAkUvRRvuOFqN82Ik5Sc/TCgyiH/maYc="},"chainType":1,"messageKeys":{}}},"pendingPreKey":{"signedKeyId":2,"baseKey":"BeLrxT7zyUQnJPkzCS7NZTDFbbLOacIXvY2JIZkBnkQY","preKeyId":9168447}}},"version":"v1"}