{"_sessions":{"BRJRyoa49pTcRoCMcpc1w+l6JNH/xCE9DDdh8VxXpKMI":{"registrationId":1252290056,"currentRatchet":{"ephemeralKeyPair":{"pubKey":"BRXpWUv1PDOuDCbCG0X2wQyjF79nJFvbRhOCvVeMQ+Ya","privKey":"0PcMiz/AxAyc+er2adDLoA/JU2W+1lX16s1wcJv5IFg="},"lastRemoteEphemeralKey":"BUo+3c0XRuKbIyT/jE5TiI0yB0VFrx4nxHwZYW3Sd6Un","previousCounter":0,"rootKey":"ewQ70gmNlY3AZN2d02P1eK5bls8LTMnM8EMpebhiO9Q="},"indexInfo":{"baseKey":"BRJRyoa49pTcRoCMcpc1w+l6JNH/xCE9DDdh8VxXpKMI","baseKeyType":1,"closed":-1,"used":1684283549310,"created":1684283549310,"remoteIdentityKey":"Bcq7ODkoOzBIp/ikAYOrYQ3OxH/LiHz0kHUgNLZYcxId"},"_chains":{"BRXpWUv1PDOuDCbCG0X2wQyjF79nJFvbRhOCvVeMQ+Ya":{"chainKey":{"counter":5,"key":"AgQrMkGTarciolCKiL62FDFJYvKt/ZBOKx1ffVTiUo8="},"chainType":1,"messageKeys":{}}},"pendingPreKey":{"signedKeyId":1,"baseKey":"BRJRyoa49pTcRoCMcpc1w+l6JNH/xCE9DDdh8VxXpKMI","preKeyId":14028685}}},"version":"v1"}