{"_sessions":{"BTy5hFhlVN4lEL/I0cZwfSi1uXijPb+HwgFW0scxLy0K":{"registrationId":59993296,"currentRatchet":{"ephemeralKeyPair":{"pubKey":"Bcsz+IdfEOzAAEW874ZlSdD7+kIH4xugYV8NB9y4kixH","privKey":"6KmzIevnZTs+AEcuCn7lAOY5CgCDIXO2I+egFM7vkXg="},"lastRemoteEphemeralKey":"BT8TUmccPlc8PVSp9HpZxsJyjjgwKI0gIv0c+ojhw9Zg","previousCounter":0,"rootKey":"nmPCvlr5nnWlDgXBx7LOs1pz5fjxzu3qi6wyW+VkBec="},"indexInfo":{"baseKey":"BTy5hFhlVN4lEL/I0cZwfSi1uXijPb+HwgFW0scxLy0K","baseKeyType":1,"closed":-1,"used":1684327845512,"created":1684327845512,"remoteIdentityKey":"BR+DFL+h6KrhxAArGZIMRIife33kOmOUrv59gMsMZUtY"},"_chains":{"Bcsz+IdfEOzAAEW874ZlSdD7+kIH4xugYV8NB9y4kixH":{"chainKey":{"counter":0,"key":"k5OGqNVSUPDggzSyHqfSZF7PKk6YEnrgXfknD3cdL/8="},"chainType":1,"messageKeys":{}}},"pendingPreKey":{"signedKeyId":4,"baseKey":"BTy5hFhlVN4lEL/I0cZwfSi1uXijPb+HwgFW0scxLy0K","preKeyId":1661574}}},"version":"v1"}