{"_sessions":{"BY+MJmUrRcrI+P65lWF+9dzVY02aQApGhAV06qxg2a5j":{"registrationId":1026711376,"currentRatchet":{"ephemeralKeyPair":{"pubKey":"BZ3HYm14TUzjswIzVfZEUuXzIxYVacK0Iz76VfHCOZMA","privKey":"sCPTwZ9q7uRQBXFaqpc9Dvmk1JxbMn8vqxpW+6jpgUQ="},"lastRemoteEphemeralKey":"BSxl/1FAXgeRpT6kty/xkJSxzqYXglsNfa7W53LYNgQN","previousCounter":0,"rootKey":"/pbWlQncbviAeuYRV7AfRWVeRWrZ+7s8tObObJeYk1s="},"indexInfo":{"baseKey":"BY+MJmUrRcrI+P65lWF+9dzVY02aQApGhAV06qxg2a5j","baseKeyType":1,"closed":-1,"used":1684288976473,"created":1684288976473,"remoteIdentityKey":"BbCpbVJMzF+d8j1E1epRBRmLNLTs5RwavAdGON1kqRtJ"},"_chains":{"BZ3HYm14TUzjswIzVfZEUuXzIxYVacK0Iz76VfHCOZMA":{"chainKey":{"counter":0,"key":"aZ2ePkQ66j4xVOcU4ghKtTPAMcT4Z1KxVM2Hkr3u0Dk="},"chainType":1,"messageKeys":{}}},"pendingPreKey":{"signedKeyId":6158551,"baseKey":"BY+MJmUrRcrI+P65lWF+9dzVY02aQApGhAV06qxg2a5j","preKeyId":3061}}},"version":"v1"}