{"_sessions":{"Bee0EGZFGoim8J4qcAdC9tbtNEtjTjYWt12j3b10Eg8e":{"registrationId":1384063576,"currentRatchet":{"ephemeralKeyPair":{"pubKey":"BZJq0nLKqt0PqPRtrfchPLLDAPIjB+OLHAVhXcUzNDRW","privKey":"uD7PkRAVc/zeO90ozyvI43l+LM0hYBhDJK4h9ufONGA="},"lastRemoteEphemeralKey":"BWzA3nOY7HK2Myc5Ub01H6UO0s5kimZZ/FmnK82vzGQr","previousCounter":0,"rootKey":"x9LEQk/da8gMq74jx9gxfK90RhRLHEDMoU4uC9ejhN4="},"indexInfo":{"baseKey":"Bee0EGZFGoim8J4qcAdC9tbtNEtjTjYWt12j3b10Eg8e","baseKeyType":1,"closed":-1,"used":1684327831109,"created":1684286826893,"remoteIdentityKey":"BYknnrSVfMjUuC59kdXE9JsDSjyNnVLr/sMaf56yzw0t"},"_chains":{"BWzA3nOY7HK2Myc5Ub01H6UO0s5kimZZ/FmnK82vzGQr":{"chainKey":{"counter":1,"key":"5nLJMJvkedCCgFT5xbFkD1Paj/oG7Ax2PhbGN/z2TKQ="},"chainType":2,"messageKeys":{}},"BZJq0nLKqt0PqPRtrfchPLLDAPIjB+OLHAVhXcUzNDRW":{"chainKey":{"counter":-1,"key":"5thrJ8Q+LRtvtcvMpyUYxDhx7CNgUbPM0I7O41wulkk="},"chainType":1,"messageKeys":{}}}}},"version":"v1"}