{"_sessions":{"BaDEcIQPjHk+so2aX73Iu2/ZFRrMCp+AXDHpXZOLjaY9":{"registrationId":236362432,"currentRatchet":{"ephemeralKeyPair":{"pubKey":"BX1LSLDyQLqfmRKBu7pZVMJ29eEcJtT9SRu+GcS56YAq","privKey":"oJvsUZYlAKAGIo3muMjdQHP5QqUHFw1x61TLB1VtgXY="},"lastRemoteEphemeralKey":"BXctJPsJspUQQz95KSvD6jsvbaPQV3bfD0pBb/vBTSJ0","previousCounter":0,"rootKey":"7i7fWqeVq8wwf0yQRVFpbempBUYoIiIJLqn9Z76g7gA="},"indexInfo":{"baseKey":"BaDEcIQPjHk+so2aX73Iu2/ZFRrMCp+AXDHpXZOLjaY9","baseKeyType":1,"closed":-1,"used":1684277964729,"created":1684277964729,"remoteIdentityKey":"BfU6mexGL5xh2xYqdIwGvvb/ofVF5GsKR/x2rBCaeRZw"},"_chains":{"BX1LSLDyQLqfmRKBu7pZVMJ29eEcJtT9SRu+GcS56YAq":{"chainKey":{"counter":0,"key":"/xGTFqouvBUc6h7Cc7AR38NzHAjTPnf4mZuJPM6cJAo="},"chainType":1,"messageKeys":{}}},"pendingPreKey":{"signedKeyId":1,"baseKey":"BaDEcIQPjHk+so2aX73Iu2/ZFRrMCp+AXDHpXZOLjaY9","preKeyId":1577511}}},"version":"v1"}