{"_sessions":{"BWdSu45ThhWfzxIy7nfhoUcxOFGW7ZfERppQrz/ckKZk":{"registrationId":386998050,"currentRatchet":{"ephemeralKeyPair":{"pubKey":"BU+4xzjHrKwt9VUvrCoAuzjxwjaxWTVWqf8LREaxUOhH","privKey":"UAjXyYa8IwqC4oT2LlYO8f9Rnvy4WHtXg0QrUGU3O28="},"lastRemoteEphemeralKey":"BSyj4Fu+sVCmsNComjFkHpNqK0yN25JHU2bVo29YEP9t","previousCounter":0,"rootKey":"DZHL1VAsuf7uIVxXePpmIXBox3rLlDT/bZIQ6sUZL+A="},"indexInfo":{"baseKey":"BWdSu45ThhWfzxIy7nfhoUcxOFGW7ZfERppQrz/ckKZk","baseKeyType":1,"closed":-1,"used":1684277964777,"created":1684277964777,"remoteIdentityKey":"BXAWVmBGuO8w0owxFiPy+W7VYW9F3ItgqWmdoqs46R19"},"_chains":{"BU+4xzjHrKwt9VUvrCoAuzjxwjaxWTVWqf8LREaxUOhH":{"chainKey":{"counter":0,"key":"JGy1LFN4D0HMt7PZrEHOGr7w6CqbRH7uajioSSSXFu0="},"chainType":1,"messageKeys":{}}},"pendingPreKey":{"signedKeyId":1,"baseKey":"BWdSu45ThhWfzxIy7nfhoUcxOFGW7ZfERppQrz/ckKZk","preKeyId":3515361}}},"version":"v1"}