{"_sessions":{"BaoV8+byIMhO6N9DfecaYr6VbJcVmYvvpLFA6nh4Ks5p":{"registrationId":1459409706,"currentRatchet":{"ephemeralKeyPair":{"pubKey":"BW4QoCG16z8+p2uMzLfANL+VqkdrYTL0AOC9Islm+skA","privKey":"6EcZG6CY9BX4Cd7hkitrUC/SZVw6emWk24g/8ojqsEY="},"lastRemoteEphemeralKey":"BWfdr6OD5nqwVpGhGXvn9pJ0HdYq20pICnIjPZ5eFVgX","previousCounter":0,"rootKey":"56SRNqrAWiX9zGY9B3Cjyo8nQMPkHsYSIqPRlQtui9E="},"indexInfo":{"baseKey":"BaoV8+byIMhO6N9DfecaYr6VbJcVmYvvpLFA6nh4Ks5p","baseKeyType":1,"closed":-1,"used":1684283549306,"created":1684283549306,"remoteIdentityKey":"BbhYk0OpbrQzjcWhgPj182wRaa9+oVkW6thS6kt/b90F"},"_chains":{"BW4QoCG16z8+p2uMzLfANL+VqkdrYTL0AOC9Islm+skA":{"chainKey":{"counter":5,"key":"ctaftxUCoxbXJzmFBrswZLLfnyZUbyalNWNXeA4JPYk="},"chainType":1,"messageKeys":{}}},"pendingPreKey":{"signedKeyId":12,"baseKey":"BaoV8+byIMhO6N9DfecaYr6VbJcVmYvvpLFA6nh4Ks5p","preKeyId":2028429}}},"version":"v1"}