{"_sessions":{"BcD8qvOoRxHietC8rItXuFrREibxGgmeHmgnEAm5ppga":{"registrationId":240,"currentRatchet":{"ephemeralKeyPair":{"pubKey":"BZ59nGyxE2iGoAZdnkZbRxd1vSfT+r/McK8KcG+d3nYP","privKey":"CC7DuYqVfYQLZMxKpkZNaPnTDTEHV2/9xIDE8AEMTl8="},"lastRemoteEphemeralKey":"BXW5McwE14YRYr0zI9S8PQqoYr2Crm3GRtmMVcw73gxr","previousCounter":0,"rootKey":"uQpZAz2IK3G6+xFxJ2x/UELO13pauiOESaDyKZgRIJk="},"indexInfo":{"baseKey":"BcD8qvOoRxHietC8rItXuFrREibxGgmeHmgnEAm5ppga","baseKeyType":1,"closed":-1,"used":1684277963838,"created":1684277963838,"remoteIdentityKey":"BXeQruqFUJOBFcTc5EZ5Ey87bgm2SD6PYPmjavXMeiN1"},"_chains":{"BZ59nGyxE2iGoAZdnkZbRxd1vSfT+r/McK8KcG+d3nYP":{"chainKey":{"counter":0,"key":"Weo2L2GvwP9Qf3Uf1VqxRuAXYNCGwwIVP0S1zxtxTdw="},"chainType":1,"messageKeys":{}}},"pendingPreKey":{"signedKeyId":1,"baseKey":"BcD8qvOoRxHietC8rItXuFrREibxGgmeHmgnEAm5ppga","preKeyId":106}}},"version":"v1"}