{"_sessions":{"BT4P1V177GlXL7yjBWp3S/6h2QPUlLNlNjU0eQ1ESwtu":{"registrationId":2031552121,"currentRatchet":{"ephemeralKeyPair":{"pubKey":"BWNLDZIUaIP2DCw83uKCKta0nQkJXKLq1Fa6kl3x2B1z","privKey":"0NMhYy6yQ4vRfbwQYuf2OI81rK11ucZv/qw/KzUi4Fs="},"lastRemoteEphemeralKey":"BbBBZMZPR5pdHqvwKHuaTnrxL7olOsNGeXPFNsap/9xy","previousCounter":0,"rootKey":"8DcO8yIqFZYssEIl3GqX+bB0gdfUDVbt3YUSIRd1yzw="},"indexInfo":{"baseKey":"BT4P1V177GlXL7yjBWp3S/6h2QPUlLNlNjU0eQ1ESwtu","baseKeyType":1,"closed":-1,"used":1684329958784,"created":1684329958784,"remoteIdentityKey":"BVYpRWoLtyOmNERG2++F3AEDfcraviutD7+paICvCpo2"},"_chains":{"BWNLDZIUaIP2DCw83uKCKta0nQkJXKLq1Fa6kl3x2B1z":{"chainKey":{"counter":0,"key":"UXsxjLYOHpQ3ki15ZteKQssMPlS0hEOFd4hfw3lboTw="},"chainType":1,"messageKeys":{}}},"pendingPreKey":{"signedKeyId":0,"baseKey":"BT4P1V177GlXL7yjBWp3S/6h2QPUlLNlNjU0eQ1ESwtu","preKeyId":7408424}}},"version":"v1"}