{"_sessions":{"BcA2LnzTo/ka39/pIWt7K6Kexxcg47PGoLvE33WmmqBh":{"registrationId":1006191884,"currentRatchet":{"ephemeralKeyPair":{"pubKey":"BQdlTwgV8l4HjmwF5xjvh4nk8VGaut20UmxEAqDii7wU","privKey":"gM3fiQjuBIMPlR0azCypU/9oGzh15NcqMUg/Ppy70VM="},"lastRemoteEphemeralKey":"BWjX6LZ1MH1zSVqdRAeGtG50Vxy2jgplAmCVv7fY0Xxh","previousCounter":0,"rootKey":"J4ZvNJf/hqNDEi07Smz3CD2prjKYWUzBa6wxMfP7i/A="},"indexInfo":{"baseKey":"BcA2LnzTo/ka39/pIWt7K6Kexxcg47PGoLvE33WmmqBh","baseKeyType":1,"closed":-1,"used":1684329958611,"created":1684329958611,"remoteIdentityKey":"BT7opuBTXJBKtq1QKKQBql8jFnrEPmcEXBHNFAqB4EB7"},"_chains":{"BQdlTwgV8l4HjmwF5xjvh4nk8VGaut20UmxEAqDii7wU":{"chainKey":{"counter":0,"key":"hsqYFeW4js8Y50guLLLLBt4C7cTY2nfQfum0uudzSgc="},"chainType":1,"messageKeys":{}}},"pendingPreKey":{"signedKeyId":2,"baseKey":"BcA2LnzTo/ka39/pIWt7K6Kexxcg47PGoLvE33WmmqBh"}}},"version":"v1"}