{"_sessions":{"BekVQXt7Q0wd3gZA332Vl3qe0Eb1rYB1uvf79VMl1gcC":{"registrationId":5,"currentRatchet":{"ephemeralKeyPair":{"pubKey":"BYRCDkCinH8CSe2q1MCJaeiAp/UyYoC9KZ7RTN2JSLw0","privKey":"8J/w8rGGbmGm90mTQiPy9HOt8ujnJYXjXf7zZYHCLEw="},"lastRemoteEphemeralKey":"Benwqrqi/xt8CCD+Dsi7QeF8Uw0ixLDn4nQGrS4zMM5Q","previousCounter":0,"rootKey":"MQF9wX9e07O7Ks3iVCzlap/mku6D0+1oJ7TiL9r/LTA="},"indexInfo":{"baseKey":"BekVQXt7Q0wd3gZA332Vl3qe0Eb1rYB1uvf79VMl1gcC","baseKeyType":1,"closed":-1,"used":1684283549065,"created":1684283549065,"remoteIdentityKey":"BVhzjTSKB8v8vV/T+NFYAgsf0KcfXfxu88wPLloXWCZu"},"_chains":{"BYRCDkCinH8CSe2q1MCJaeiAp/UyYoC9KZ7RTN2JSLw0":{"chainKey":{"counter":5,"key":"8wfhh8LmTkvOPECBH3Nlmo5dNvHGm2UwLYdIG68KeKE="},"chainType":1,"messageKeys":{}}},"pendingPreKey":{"signedKeyId":1,"baseKey":"BekVQXt7Q0wd3gZA332Vl3qe0Eb1rYB1uvf79VMl1gcC"}}},"version":"v1"}