{"_sessions":{"BWB6UpP3E20BfZ7XD70sy4WCDJ/RnJJ3JTiGenqLkVID":{"registrationId":1079834422,"currentRatchet":{"ephemeralKeyPair":{"pubKey":"BbBhmCcpwrNXXF/iPIzK7BVyQ/cqnil5zoWpj1ILSDlN","privKey":"aN4IkJQALr//TBO/MgCCb8gzqvuAaKCMlg/L+xkKoUk="},"lastRemoteEphemeralKey":"BQOmeS05euSGHIPq15aGtgUv+D9N2vr7OpJiiruovWAJ","previousCounter":0,"rootKey":"TAPFt1Y4uPJv6NxE5JjNpOTGlFStBbRi2gdE9wsRyJY="},"indexInfo":{"baseKey":"BWB6UpP3E20BfZ7XD70sy4WCDJ/RnJJ3JTiGenqLkVID","baseKeyType":1,"closed":-1,"used":1684288976452,"created":1684288976452,"remoteIdentityKey":"BZF5a2OE9BHHVHUBW0Wwb8y8kF/tJl8Xm0uFXpZTI/Q6"},"_chains":{"BbBhmCcpwrNXXF/iPIzK7BVyQ/cqnil5zoWpj1ILSDlN":{"chainKey":{"counter":0,"key":"Z0SWU2zrS8ju6y9uyuQedrgkmlGP5ahWtXCgVj59a70="},"chainType":1,"messageKeys":{}}},"pendingPreKey":{"signedKeyId":2,"baseKey":"BWB6UpP3E20BfZ7XD70sy4WCDJ/RnJJ3JTiGenqLkVID","preKeyId":821461}}},"version":"v1"}