{"_sessions":{"BQL8yckytllryVZzI4rEVqA+Wuda0ZxqXdU/LgYJSdZd":{"registrationId":1485553026,"currentRatchet":{"ephemeralKeyPair":{"pubKey":"BUGaJqlsLCFlcohFStoLJlkFBh+xYjukp2KsEyc1Ou1j","privKey":"aAbU5BxM8jFiBAG3hQkSNwZKuz4j03nF9YMOw+WV1Ek="},"lastRemoteEphemeralKey":"BWyvhiF0eiFunIYDMDE1f0RPS1s2IRQAjX2Rs8yHgO49","previousCounter":0,"rootKey":"lZjd8dTMDyEQwCc4gDWww4/079cIk+pQi1x4hTyw7fE="},"indexInfo":{"baseKey":"BQL8yckytllryVZzI4rEVqA+Wuda0ZxqXdU/LgYJSdZd","baseKeyType":1,"closed":-1,"used":1684283549347,"created":1684283549347,"remoteIdentityKey":"BSu8QfM7eckY9iTcsYXcG9H+dytA4eM+19rVU7nc2pst"},"_chains":{"BUGaJqlsLCFlcohFStoLJlkFBh+xYjukp2KsEyc1Ou1j":{"chainKey":{"counter":5,"key":"jijMJlVBN+PS3z+ophmpHK9/mEAAtMHf4GYOMGMGnmE="},"chainType":1,"messageKeys":{}}},"pendingPreKey":{"signedKeyId":1,"baseKey":"BQL8yckytllryVZzI4rEVqA+Wuda0ZxqXdU/LgYJSdZd"}}},"version":"v1"}