{"_sessions":{"BZgcUp4PKby+ngzh5e1UStpn45lKVVXY18AgiPAl2HMi":{"registrationId":1338945877,"currentRatchet":{"ephemeralKeyPair":{"pubKey":"BXNQ3I9U3Q8aKyb/reeSPwlfw3jW0fpH35VDv10280hR","privKey":"YKW9+r8G7g0BWtRxzr9XaQ2HBKm8QqFlyFGwvWZ7CXA="},"lastRemoteEphemeralKey":"BZOBWuUzYbOmWRylTXL8tOBY2MT7DKavtGzqtdNqXfdr","previousCounter":0,"rootKey":"JA1wsgXqn66TtoGtAYkOW27gPq50GwofRf/H9vXtH08="},"indexInfo":{"baseKey":"BZgcUp4PKby+ngzh5e1UStpn45lKVVXY18AgiPAl2HMi","baseKeyType":1,"closed":-1,"used":1684316933424,"created":1684316933424,"remoteIdentityKey":"BX14aqnpu47BJymHPP9cCdoY+WRxXRWwuV0sM/cpZhN2"},"_chains":{"BXNQ3I9U3Q8aKyb/reeSPwlfw3jW0fpH35VDv10280hR":{"chainKey":{"counter":0,"key":"T9ijd5KuyptW8GAFsMxpWEd3cVb4tJ5ZnECL3quMujo="},"chainType":1,"messageKeys":{}}},"pendingPreKey":{"signedKeyId":22,"baseKey":"BZgcUp4PKby+ngzh5e1UStpn45lKVVXY18AgiPAl2HMi","preKeyId":8569811}}},"version":"v1"}