{"_sessions":{"BaJqwUDpBacNCFrdznHV6pk2nGhXET92CzLtirRAM7VL":{"registrationId":1968401772,"currentRatchet":{"ephemeralKeyPair":{"pubKey":"BX8+EsEYYZi2sVIvgJZmkKnvXyH32LrySb9jPwlCJeYT","privKey":"8D69Zvhyd387A6jPMbbr2Hf4OPWZXR5BIavwN/0oTH4="},"lastRemoteEphemeralKey":"BX1irvnogLyw23QVfiZjyVd2iz80RE7eKea37CglVb1m","previousCounter":0,"rootKey":"o6+zSan17thrbwGG6cotOVeLphO875XZc8jPFv7bw7E="},"indexInfo":{"baseKey":"BaJqwUDpBacNCFrdznHV6pk2nGhXET92CzLtirRAM7VL","baseKeyType":1,"closed":1684329736226,"used":1684283549332,"created":1684283549332,"remoteIdentityKey":"BSKNfkz+8RhQOfV6C5morjA+UOsKHTs1KaDQgzDbXuBv"},"_chains":{"BX8+EsEYYZi2sVIvgJZmkKnvXyH32LrySb9jPwlCJeYT":{"chainKey":{"counter":3,"key":"W4/lcCqQEMO3VJXJRBnov3lJhiQ/QmRigEy8Al9rIoQ="},"chainType":1,"messageKeys":{}}},"pendingPreKey":{"signedKeyId":0,"baseKey":"BaJqwUDpBacNCFrdznHV6pk2nGhXET92CzLtirRAM7VL","preKeyId":12489017}},"BeW8s0An7ZVot1hspN9TBsi0yhI1sV2fBkSnn/Rx5AJS":{"registrationId":927789638,"currentRatchet":{"ephemeralKeyPair":{"pubKey":"BcGkOizXrPfkXYkDQi61sqHCuMXxVi8G5a0a1xTwIMdt","privKey":"OOXcVK1iskZhosXxJEdXzKg0VMxusOFgr42/MxHCY1I="},"lastRemoteEphemeralKey":"BZl427ILrxBWxYv9oS3ipAd+4RrCFi0pz85zgzqNp44v","previousCounter":0,"rootKey":"NsyVegGhR/GIYnGcgX9bS55yTsL4PiA1qV5pD/buDwA="},"indexInfo":{"baseKey":"BeW8s0An7ZVot1hspN9TBsi0yhI1sV2fBkSnn/Rx5AJS","baseKeyType":1,"closed":-1,"used":1684329736204,"created":1684329736204,"remoteIdentityKey":"BWnuKT1zRYm2gtzqtrSfVjpMpsrB+2Mai0fC1/Dzwyww"},"_chains":{"BcGkOizXrPfkXYkDQi61sqHCuMXxVi8G5a0a1xTwIMdt":{"chainKey":{"counter":1,"key":"GN10N70f8yzLz6pzflFVcuqw8PF3y4b1CC1ScgataZk="},"chainType":1,"messageKeys":{}}},"pendingPreKey":{"signedKeyId":0,"baseKey":"BeW8s0An7ZVot1hspN9TBsi0yhI1sV2fBkSnn/Rx5AJS","preKeyId":12273177}}},"version":"v1"}