{"_sessions":{"BXiKWDe87DyLyvPniqLBFS0zKuPI+Fp1lGvRSWS9qQlj":{"registrationId":1053172125,"currentRatchet":{"ephemeralKeyPair":{"pubKey":"BVhspzmnlnhimPf5IQJ11iM/ZcA0t7+lkoj2RiBJET1I","privKey":"+KcM9ha2JtzzQD824VvUv5ZOh5MSRt4cUa0RrSU3U08="},"lastRemoteEphemeralKey":"Ba9nBKFHKqmK2MHsLFyHnqE4Ve7wkYUB6bX3qBZedPs9","previousCounter":0,"rootKey":"u1A9NQFFoYe9D4aZ/saLhdr9INxCvfXalDtHSh2HqN0="},"indexInfo":{"baseKey":"BXiKWDe87DyLyvPniqLBFS0zKuPI+Fp1lGvRSWS9qQlj","baseKeyType":1,"closed":-1,"used":1684283549342,"created":1684283549342,"remoteIdentityKey":"BVoHnkU3wTw0gNXauUxBh9CkPwv6nS7rHNmvuG0iuKxI"},"_chains":{"BVhspzmnlnhimPf5IQJ11iM/ZcA0t7+lkoj2RiBJET1I":{"chainKey":{"counter":5,"key":"lk5cALeduCwNgRURVssdoKUHFZ4Abjn4GSdbczFFZuY="},"chainType":1,"messageKeys":{}}},"pendingPreKey":{"signedKeyId":43,"baseKey":"BXiKWDe87DyLyvPniqLBFS0zKuPI+Fp1lGvRSWS9qQlj","preKeyId":16030982}}},"version":"v1"}