{"_sessions":{"BW/nKBbLXEnZ2s+G6TPfMpE6j2wFTIbosA5/knoO2rEu":{"registrationId":79110434,"currentRatchet":{"ephemeralKeyPair":{"pubKey":"BREhFnP5GdG8Q7RuSUyVyNdR+zIj1+F9KyyJvuBlg/81","privKey":"sOJCrW66JhsymayDkOd8+SRdUuDXsP6T0OvZ+IujGks="},"lastRemoteEphemeralKey":"BdcUylvFQaWIu/yqgPIm57c1AcbKc42fptK8xndT/8pw","previousCounter":0,"rootKey":"qeacbadUs2OH6URjoYRYbKAH+Sx1w7tdjyCtqij0Ako="},"indexInfo":{"baseKey":"BW/nKBbLXEnZ2s+G6TPfMpE6j2wFTIbosA5/knoO2rEu","baseKeyType":1,"closed":-1,"used":1684288976510,"created":1684288976510,"remoteIdentityKey":"BXC+1zpgQPg8LjurLvbKGFi80+vzRtREObxuv7uKI6Y7"},"_chains":{"BREhFnP5GdG8Q7RuSUyVyNdR+zIj1+F9KyyJvuBlg/81":{"chainKey":{"counter":0,"key":"CF2M2tcTh1CMG5R1RnPw1/ACo2YCzEYGimDzFuznT3A="},"chainType":1,"messageKeys":{}}},"pendingPreKey":{"signedKeyId":31,"baseKey":"BW/nKBbLXEnZ2s+G6TPfMpE6j2wFTIbosA5/knoO2rEu","preKeyId":16627176}}},"version":"v1"}