{"_sessions":{"BSVX+XJWZB3uGYFat54o3nEbSpOssIWloVljlf0iFdV+":{"registrationId":2025853257,"currentRatchet":{"ephemeralKeyPair":{"pubKey":"BeLpWs2QllvEOr1TZetH60uDUV4r4DDIalHGX55emjYp","privKey":"+NW3rZD8rg1JZLXUXBg5Pm+5VhYIw1QAriOfhrgWkHM="},"lastRemoteEphemeralKey":"BWaAZaHsscyght1PpD/GH7M78AIvLIv0raaewbz2SZ5x","previousCounter":0,"rootKey":"M129N6+2qlBmGVL6z7zPtj6VKusa0wfSPeDqIxOu5xc="},"indexInfo":{"baseKey":"BSVX+XJWZB3uGYFat54o3nEbSpOssIWloVljlf0iFdV+","baseKeyType":1,"closed":-1,"used":1684283549289,"created":1684283549289,"remoteIdentityKey":"BQNvgjx1Iwda3U8NcN/xvaXdd5B7W5vffCnnkR2GjT1+"},"_chains":{"BeLpWs2QllvEOr1TZetH60uDUV4r4DDIalHGX55emjYp":{"chainKey":{"counter":5,"key":"sekXA2X2YN8bWpK/l8EE5xwu5NX/xSBSWQqeHTtmv1s="},"chainType":1,"messageKeys":{}}},"pendingPreKey":{"signedKeyId":9,"baseKey":"BSVX+XJWZB3uGYFat54o3nEbSpOssIWloVljlf0iFdV+","preKeyId":9079647}}},"version":"v1"}