{"_sessions":{"BabYpJBwLA/mwmHVWNmQvAduWZVP0ioUGuxQqVM/cP8p":{"registrationId":2291,"currentRatchet":{"ephemeralKeyPair":{"pubKey":"BZ5zJ0nHMZqZ/K/PVtkQW19Ssj21GB3VpMlT1UQbyxdj","privKey":"+FytBQ7wZA3P0FLDD4oH88ApXUUUWszhMKRGxtFBu1w="},"lastRemoteEphemeralKey":"Ba1PTti5+jsTWBBvYpRd+RvSmYGPPPr6VJU3fBu1cmoq","previousCounter":0,"rootKey":"c6DgHdv2r9AyGAmVS2RQMk1xHj5DtiCoyzyCvUlEMvo="},"indexInfo":{"baseKey":"BabYpJBwLA/mwmHVWNmQvAduWZVP0ioUGuxQqVM/cP8p","baseKeyType":1,"closed":-1,"used":1684283549161,"created":1684283549161,"remoteIdentityKey":"BYEHNzodPvTaPTwARw1B+3iG2xPrkBAdedbOs5fTTsUe"},"_chains":{"BZ5zJ0nHMZqZ/K/PVtkQW19Ssj21GB3VpMlT1UQbyxdj":{"chainKey":{"counter":5,"key":"GQrolsfp2Z22L2vbj4NA/e6MzSDp9MIyRVgi4po3O3E="},"chainType":1,"messageKeys":{}}},"pendingPreKey":{"signedKeyId":3,"baseKey":"BabYpJBwLA/mwmHVWNmQvAduWZVP0ioUGuxQqVM/cP8p","preKeyId":1636}}},"version":"v1"}