{"_sessions":{"BTq/juL3evA2vDVEfwY1hw1B1xlLzJEusaJHpG6Ga/sL":{"registrationId":722210381,"currentRatchet":{"ephemeralKeyPair":{"pubKey":"BR0+PcyVXtSoMzfDxmE8G003eU4fcVtQ0N5vEfMoMakn","privKey":"iBEJTnCMX9G63dda5UxUvqHrbwkWLs7jVC9Ui7hi/UA="},"lastRemoteEphemeralKey":"Bd3pWVEQ8THNI3DGdpB5fnOwoweu20iNhsQvSTs4xjFn","previousCounter":0,"rootKey":"dASWRseB4fROkUb2ZMKydZ27cHdv6Z9E6OJclWoZPZ8="},"indexInfo":{"baseKey":"BTq/juL3evA2vDVEfwY1hw1B1xlLzJEusaJHpG6Ga/sL","baseKeyType":1,"closed":-1,"used":1684288976519,"created":1684288976519,"remoteIdentityKey":"BaOZbS6J7w+uYRLxBiIUkNFSaDDXwSf6Ayec281ouCdN"},"_chains":{"BR0+PcyVXtSoMzfDxmE8G003eU4fcVtQ0N5vEfMoMakn":{"chainKey":{"counter":0,"key":"vd4D4j2FyPdGaFOePlY6GNkU1LNr1mjDUcZiUsSNQpQ="},"chainType":1,"messageKeys":{}}},"pendingPreKey":{"signedKeyId":7,"baseKey":"BTq/juL3evA2vDVEfwY1hw1B1xlLzJEusaJHpG6Ga/sL"}}},"version":"v1"}