{"_sessions":{"Bax1/3p+2FcAgE08bzkZwv9Xj1Z6WyuS5TwTmH9lmL05":{"registrationId":723371324,"currentRatchet":{"ephemeralKeyPair":{"pubKey":"BbwfoXB0fwoYcjQNL6fRRUVLdz4pGXXKTc7QXi2woagy","privKey":"OJIaCzTjxEHGERST10bBFoKtUm1/mP8V6OCaNs+tfFQ="},"lastRemoteEphemeralKey":"BS9Ut7m6t9ShmD2u5e27uemohbD8KcljfvIut+hdvkUJ","previousCounter":0,"rootKey":"9zxUr3GjY9U1EtjYOHsFLYVpZJUJ1J6BC26nwT5GL1o="},"indexInfo":{"baseKey":"Bax1/3p+2FcAgE08bzkZwv9Xj1Z6WyuS5TwTmH9lmL05","baseKeyType":1,"closed":-1,"used":1684283549327,"created":1684283549327,"remoteIdentityKey":"BUmxWz5lBC/rpR2qHxBxYdC3vEKzpXG644nqAoP0gmhE"},"_chains":{"BbwfoXB0fwoYcjQNL6fRRUVLdz4pGXXKTc7QXi2woagy":{"chainKey":{"counter":5,"key":"iZyRSW67fBxDJjtx/1LMvE4sYCknhSbf42K+cTWMqio="},"chainType":1,"messageKeys":{}}},"pendingPreKey":{"signedKeyId":6,"baseKey":"Bax1/3p+2FcAgE08bzkZwv9Xj1Z6WyuS5TwTmH9lmL05","preKeyId":5761714}}},"version":"v1"}