{"_sessions":{"BZvqs3/khXIEgVOAEcPjvQbHReCsvNYbV4+RqQKG8114":{"registrationId":992580420,"currentRatchet":{"ephemeralKeyPair":{"pubKey":"BREwhFID3CLH1scAcfng3iq7idC9PG/JJoH/Lu/nI0Y4","privKey":"SDYTriwVwofyn0Z1FWAgVEZifBPZ17l1GFwLpgGWK2Y="},"lastRemoteEphemeralKey":"BZlwrJeWGzNEK1L/c78RXqCVbGwli+fwY1iibz/ixVxU","previousCounter":0,"rootKey":"u5eQOMtaLjmOs4DGwYtYyblVZtGmm1xwTYHrWUpUamc="},"indexInfo":{"baseKey":"BZvqs3/khXIEgVOAEcPjvQbHReCsvNYbV4+RqQKG8114","baseKeyType":1,"closed":-1,"used":1684277964711,"created":1684277964711,"remoteIdentityKey":"Bf3hX5ET2NjOW2HK/5dfNIzT30Qz5S72OOYRZlMawGE6"},"_chains":{"BREwhFID3CLH1scAcfng3iq7idC9PG/JJoH/Lu/nI0Y4":{"chainKey":{"counter":0,"key":"iAXbJ5bd0zsH99wMu2W+Jj2u4t3vzscixFeuKK/FX4Y="},"chainType":1,"messageKeys":{}}},"pendingPreKey":{"signedKeyId":3,"baseKey":"BZvqs3/khXIEgVOAEcPjvQbHReCsvNYbV4+RqQKG8114","preKeyId":3372540}}},"version":"v1"}