{"_sessions":{"BVad1q4WsUb0/pCLfbEtxryFbzH/NJ0Dq7tq1gl0c8E9":{"registrationId":1459305935,"currentRatchet":{"ephemeralKeyPair":{"pubKey":"BZW/i5Fv10fKYUaHjrH2tJu0pyJxn2pUPy9+jPdDEgt6","privKey":"uC3kfM2bQpGQyFfogUDHjmKJxdxFebcXEm53sBoEi0w="},"lastRemoteEphemeralKey":"BVwto4GPpITIKNfx4URWC8XtymyfkB/KcU+HgIlbVXYU","previousCounter":0,"rootKey":"N0fPU2jmiLvMMS5RcXjY8yj4b5YMd8vRj1LAjlbjNwI="},"indexInfo":{"baseKey":"BVad1q4WsUb0/pCLfbEtxryFbzH/NJ0Dq7tq1gl0c8E9","baseKeyType":1,"closed":1684289562196,"used":1684275212396,"created":1684275212396,"remoteIdentityKey":"BbW6O6nHyTeOUD1kHkzGfd/rULLUbXFH+035OtkJ71hj"},"_chains":{"BZW/i5Fv10fKYUaHjrH2tJu0pyJxn2pUPy9+jPdDEgt6":{"chainKey":{"counter":0,"key":"NxrGwa+M0c8eW+/uSZKHpcjTWXVUAOJ5ll8biVZuZlU="},"chainType":1,"messageKeys":{}}},"pendingPreKey":{"signedKeyId":14,"baseKey":"BVad1q4WsUb0/pCLfbEtxryFbzH/NJ0Dq7tq1gl0c8E9","preKeyId":11640723}},"BV+Qwk3HUwXXU6avl4MkSp3G2TKfbt9dpTFk4edU7hw0":{"registrationId":1459305935,"currentRatchet":{"ephemeralKeyPair":{"pubKey":"Bf+RQkn8yTLL1mhqPDAsfYPa6S8owvMCP0Vrh2142p8s","privKey":"ePi/mO2GEHvxL4EZU0eaHHlV3KoEqbFBwNS2rhhy22A="},"lastRemoteEphemeralKey":"BT3WxVGIfDsmVowPsqRhMXxE6cCrn11m/2ySDrNcFU5R","previousCounter":0,"rootKey":"NXflYFWF3uoFPRvhTB1fpsdrUXsqG5DDmDO0LB55gpk="},"indexInfo":{"baseKey":"BV+Qwk3HUwXXU6avl4MkSp3G2TKfbt9dpTFk4edU7hw0","baseKeyType":2,"closed":-1,"used":1684289562210,"created":1684289562210,"remoteIdentityKey":"BbW6O6nHyTeOUD1kHkzGfd/rULLUbXFH+035OtkJ71hj"},"_chains":{"BT3WxVGIfDsmVowPsqRhMXxE6cCrn11m/2ySDrNcFU5R":{"chainKey":{"counter":2,"key":"wTtPpTFvBEXu4y3B7cedEWR5IQUahx9wha1NSVLepdE="},"chainType":2,"messageKeys":{}},"Bf+RQkn8yTLL1mhqPDAsfYPa6S8owvMCP0Vrh2142p8s":{"chainKey":{"counter":-1,"key":"84M4j3ZcHXx46y91YK7CV6iPVDrifOARdVmptR9Uh0A="},"chainType":1,"messageKeys":{}}}}},"version":"v1"}