{"_sessions":{"BTBWxyR8D5B/ScrrSKu1vCFCqHik4pdLzLX6oUvXns5J":{"registrationId":592647859,"currentRatchet":{"ephemeralKeyPair":{"pubKey":"BZUKqsRMvN+9GB+Wpi54GFyqc7RihdYQsMMGefBsYj1I","privKey":"cK+Gu7gQOxpTPsBgrRIscpHHU+l+CoZzQpZLJHUwhWI="},"lastRemoteEphemeralKey":"BeAISSMIH6kvXszTFbb0A6bFkxAliSrO6wWuve9MrCo2","previousCounter":0,"rootKey":"aYJ72eOydlKo4IJF/t/abKFUdhMH1cEjFPWtgvkNA2k="},"indexInfo":{"baseKey":"BTBWxyR8D5B/ScrrSKu1vCFCqHik4pdLzLX6oUvXns5J","baseKeyType":1,"closed":-1,"used":1684277964794,"created":1684277964794,"remoteIdentityKey":"BfIicvC5BDUZYd8jhFix5g/wZ3EC657/NkgyHWN968RG"},"_chains":{"BZUKqsRMvN+9GB+Wpi54GFyqc7RihdYQsMMGefBsYj1I":{"chainKey":{"counter":0,"key":"3L/vDwmd4dlZgwiP4ApakAP4buEL/XZ9M6tRNq0FoL4="},"chainType":1,"messageKeys":{}}},"pendingPreKey":{"signedKeyId":0,"baseKey":"BTBWxyR8D5B/ScrrSKu1vCFCqHik4pdLzLX6oUvXns5J"}}},"version":"v1"}