{"_sessions":{"BR+vbWDrmx70cUlXERbGsXiel7CDklngDHhCNP84O+h5":{"registrationId":104,"currentRatchet":{"ephemeralKeyPair":{"pubKey":"BTBy8fqSuLkm6n8aajv5YssLrX3NPVX14lb88Vlz+5Vs","privKey":"sCkuvt9dCGnPI7e/KO3LallqxKRWLHHG+iSZZnl6KFk="},"lastRemoteEphemeralKey":"BeC+q6TeHhN4ywvEuLiEYWn8oRJ1QELdboGjLD1a3C8Z","previousCounter":0,"rootKey":"ek7cGjKKanhOjw3r6vJGwzTSEUpcfy70hyNccjXkvw4="},"indexInfo":{"baseKey":"BR+vbWDrmx70cUlXERbGsXiel7CDklngDHhCNP84O+h5","baseKeyType":1,"closed":-1,"used":1684277963812,"created":1684277963812,"remoteIdentityKey":"BeAfVEOHuZhGsT5TBbdxxgqrqEfZ/ad8p1KOq8UJvTJv"},"_chains":{"BTBy8fqSuLkm6n8aajv5YssLrX3NPVX14lb88Vlz+5Vs":{"chainKey":{"counter":0,"key":"BAWYV2i0qFORgtNbAX6O5nZD8Mide+hcaJZzzRuZRhs="},"chainType":1,"messageKeys":{}}},"pendingPreKey":{"signedKeyId":1,"baseKey":"BR+vbWDrmx70cUlXERbGsXiel7CDklngDHhCNP84O+h5"}}},"version":"v1"}