{"_sessions":{"Bd4oROcjRO8b3cj+KPnoXihtv1oid+srYBoL0+IvJdlC":{"registrationId":220,"currentRatchet":{"ephemeralKeyPair":{"pubKey":"BUE7k3bqJL8lYTSeCqjuNPtsWMrSUAqErVB7w2jmzTBb","privKey":"wLnZqwOM0BmbO+7YyPU3IRxfOIohbudg5dCSjeoa3mQ="},"lastRemoteEphemeralKey":"Bdw/2koFkb7a9IrD5dXyas2ZnZl1hMiaP0TC0pD/5EEy","previousCounter":0,"rootKey":"pDEO6FxcfbBMlk8wsGmHLs7ZKtF8ZSB8Ck3e4eSdU4s="},"indexInfo":{"baseKey":"Bd4oROcjRO8b3cj+KPnoXihtv1oid+srYBoL0+IvJdlC","baseKeyType":1,"closed":-1,"used":1684277963833,"created":1684277963833,"remoteIdentityKey":"BXjX9XtbbdmWOdni7iMmeI5LD4+6mvjLUE56YCNJxzFU"},"_chains":{"BUE7k3bqJL8lYTSeCqjuNPtsWMrSUAqErVB7w2jmzTBb":{"chainKey":{"counter":0,"key":"tUfcY+8kNtg5OlRvJZ7FgOdJFKkjdUl9jSLPPzs3x7g="},"chainType":1,"messageKeys":{}}},"pendingPreKey":{"signedKeyId":1,"baseKey":"Bd4oROcjRO8b3cj+KPnoXihtv1oid+srYBoL0+IvJdlC"}}},"version":"v1"}