{"_sessions":{"BRodAdLgLUhQ31Ep8QXpRQcdQ8HqTp/VSmHwhbQBZulj":{"registrationId":800660169,"currentRatchet":{"ephemeralKeyPair":{"pubKey":"BaR83ZKJ0sPkohifVwu2wVP/yyAARNqc+pu91x28nPxk","privKey":"MJCg18Gdv6TCGVjrAEveFCEAKRigv5ZoywD6I30Q+3g="},"lastRemoteEphemeralKey":"BYQhv7vF4mER3BvORoQBe69cndYZj8SexSykcqrJeuJC","previousCounter":0,"rootKey":"WxBwacF78XHwobozX5NIh/VlYlRtmKwXNc68Ho+hSh0="},"indexInfo":{"baseKey":"BRodAdLgLUhQ31Ep8QXpRQcdQ8HqTp/VSmHwhbQBZulj","baseKeyType":1,"closed":-1,"used":1684316933429,"created":1684316933429,"remoteIdentityKey":"BTNRKlD2dvcynJjBj0od/0BwgjYQaBRGenxNfy+qi+M5"},"_chains":{"BaR83ZKJ0sPkohifVwu2wVP/yyAARNqc+pu91x28nPxk":{"chainKey":{"counter":0,"key":"8BLG5OjrAjqnquugWS6sIk4q1MDn5A9wFBfvkmwKQtc="},"chainType":1,"messageKeys":{}}},"pendingPreKey":{"signedKeyId":6,"baseKey":"BRodAdLgLUhQ31Ep8QXpRQcdQ8HqTp/VSmHwhbQBZulj","preKeyId":16451239}}},"version":"v1"}