{"_sessions":{"BYKNcEK+V1NJMpc57oMi+PjgfjC225VacErxXSbKqtBm":{"registrationId":1032645982,"currentRatchet":{"ephemeralKeyPair":{"pubKey":"BTjzHYqQtaV20Bizr/BAy4nozF57pID2kjvF0DDY5Opv","privKey":"2Jb4k7woD0Eu/5nPkJxKrkW0/GUlXpFAAXuKBH1gMV4="},"lastRemoteEphemeralKey":"BY2z/wh2dMG6cxYst9kI3IMHUmqkWEm5b5uN/D4jAlED","previousCounter":0,"rootKey":"oxGQXeDk489aNkAoyZlLmk9q8Fv/n+0v1jkShPJXQ6w="},"indexInfo":{"baseKey":"BYKNcEK+V1NJMpc57oMi+PjgfjC225VacErxXSbKqtBm","baseKeyType":1,"closed":-1,"used":1684277964734,"created":1684277964734,"remoteIdentityKey":"BXOgNDQknglmCwzL/O54GRFCl3vnFW7mYPT1ObzxKcd9"},"_chains":{"BTjzHYqQtaV20Bizr/BAy4nozF57pID2kjvF0DDY5Opv":{"chainKey":{"counter":0,"key":"UtRJFVVmq3ZshlO518df9uDXBLqvvcp9d3vFcObSw4A="},"chainType":1,"messageKeys":{}}},"pendingPreKey":{"signedKeyId":2,"baseKey":"BYKNcEK+V1NJMpc57oMi+PjgfjC225VacErxXSbKqtBm","preKeyId":6299656}}},"version":"v1"}