{"_sessions":{"BczEMpRqwfbJB/9+kRAxjVR1kw2uHoLYeEab2Ly3p7gV":{"registrationId":273985956,"currentRatchet":{"ephemeralKeyPair":{"pubKey":"BayG2rTBB9q3ZMGrdeHVECG+CSk9JTU1bKS0kL3iUmAc","privKey":"oEL9QBG/vF/BlqCcLSRyg7ZQIkQY/joMIib5E2979WA="},"lastRemoteEphemeralKey":"BaU4H/GMBBKTd0KBOyFvDubHZqGEW8MOKAhbXIZtZ2pu","previousCounter":0,"rootKey":"SuZUBXPReYVUo+P8vtOhKdLdW8HYFMK/a+9lbSH6a1c="},"indexInfo":{"baseKey":"BczEMpRqwfbJB/9+kRAxjVR1kw2uHoLYeEab2Ly3p7gV","baseKeyType":1,"closed":-1,"used":1684283549314,"created":1684283549314,"remoteIdentityKey":"BcCorQKym4B2VhC7uqMot47BXcWfW4D1dXaQAkQmSGs4"},"_chains":{"BayG2rTBB9q3ZMGrdeHVECG+CSk9JTU1bKS0kL3iUmAc":{"chainKey":{"counter":5,"key":"iNGbaNAPLb0lXEJwApkUmOTx6spM0AmEDS7gwbGbvYc="},"chainType":1,"messageKeys":{}}},"pendingPreKey":{"signedKeyId":20,"baseKey":"BczEMpRqwfbJB/9+kRAxjVR1kw2uHoLYeEab2Ly3p7gV"}}},"version":"v1"}