{"_sessions":{"BSSRSLX395FS8+sq/zatvq5fLRlvaTRVPkqLrQqm31Jq":{"registrationId":1163435563,"currentRatchet":{"ephemeralKeyPair":{"pubKey":"BXKyuE01ZEKJN6Mi92ivv0CKXmjvniWAOeh4ye27LQ4P","privKey":"4CJlTnY2xCVzlQT39ajswUU6WimGPDp1h5vvOsH95WA="},"lastRemoteEphemeralKey":"BekelftyMHYcWAj6ek0BhHsc6e/N+fFewGYE8lQtuxFk","previousCounter":0,"rootKey":"ABZ+vUNvteV+hd8+1RFFfkFGPZSEVaK7GQnQ2669tFI="},"indexInfo":{"baseKey":"BSSRSLX395FS8+sq/zatvq5fLRlvaTRVPkqLrQqm31Jq","baseKeyType":1,"closed":-1,"used":1684329958778,"created":1684329958778,"remoteIdentityKey":"Bar1Kefyzge0QHE+yy0u2jGqBP+VJNXRGHEXHmq1X206"},"_chains":{"BXKyuE01ZEKJN6Mi92ivv0CKXmjvniWAOeh4ye27LQ4P":{"chainKey":{"counter":0,"key":"ttUX31NfIZK3n0UzOfTyOb1oWhstLX3o/7Dzsy5y8qQ="},"chainType":1,"messageKeys":{}}},"pendingPreKey":{"signedKeyId":1,"baseKey":"BSSRSLX395FS8+sq/zatvq5fLRlvaTRVPkqLrQqm31Jq","preKeyId":6291589}}},"version":"v1"}