[
   {
      "id": "120363047125224452@g.us",
      "key": "wk",
      "response": "oke",
      "isImage": false,
      "image_url": "-"
   },
   {
      "id": "120363047125224452@g.us",
      "key": "jer",
      "response": "OFC",
      "isImage": false,
      "image_url": "-"
   },
   {
      "id": "120363029195694906@g.us",
      "key": "tesyah",
      "response": "ON",
      "isImage": false,
      "image_url": "-"
   },
   {
      "id": "120363021113137328@g.us",
      "key": "joki",
      "response": ".addlist JOKI",
      "isImage": false,
      "image_url": "-"
   },
   {
      "id": "120363021113137328@g.us",
      "key": "top up",
      "response": "https://wa.me/p/6088267477877467/6281232048826",
      "isImage": false,
      "image_url": "-"
   },
   {
      "id": "120363021113137328@g.us",
      "key": "pulsa",
      "response": "https://wa.me/p/5657676127691274/6281232048826",
      "isImage": false,
      "image_url": "-"
   },
   {
      "id": "120363021113137328@g.us",
      "key": "kebsos",
      "response": "https://wa.me/p/5475480015886200/6281232048826",
      "isImage": false,
      "image_url": "-"
   },
   {
      "id": "120363021113137328@g.us",
      "key": "jasa",
      "response": "https://wa.me/p/6319956884720982/6281232048826",
      "isImage": false,
      "image_url": "-"
   },
   {
      "id": "120363021113137328@g.us",
      "key": "payment",
      "response": "https://wa.me/p/5817266025035631/6281232048826",
      "isImage": false,
      "image_url": "-"
   },
   {
      "id": "120363130851635239@g.us",
      "key": "pembayaran",
      "response": "*=> PAYMENT :*\n\nDANA✅ : https://link.dana.id/qr/y7w6w4sb\n\nOVO✅ : 082267044417\nA/N Krisvandolisiagian\n\nGOPAY✅ : 082267044417\nA/N Muhammad salah\n\nSHOPEEPAY✅ : https://wsa.wallet.airpay.co.id/qr/00feb507d983ee54ecc5?smtt=0.0.9\n\nLINK AJA✅ : 082267044417\nA/N Krisvandolisiagian\n\n*NOTE :*\n- Wajib tf sesuai\n- Tf ke qris tanya admin dulu (pp grup)\n- bayar lebih anggap sedekah\n-",
      "isImage": false,
      "image_url": "-"
   },
   {
      "id": "120363130851635239@g.us",
      "key": "mobile legend (a)",
      "response": "*MLBB FAST*\n\n5💎 Rp1.650\n86💎\tRp18.880\n172💎\tRp37.584\n257💎\tRp56.772\n344💎\tRp74.668\n429💎\tRp93.856\n514💎\tRp112.544\n600💎\tRp131.232\n706💎\tRp149.920\n878💎\tRp187.004\n963💎\tRp205.692\n1050💎\tRp224.088\n1412💎\tRp298.840\n2195💎\tRp448.344\n3688💎\tRp747.352\n5532💎\tRp1.125.112\n9288💎\tRp1.870.960\n\n_Estimasi 1-5 Menit, Max 180 Menit_",
      "isImage": false,
      "image_url": "-"
   },
   {
      "id": "120363130851635239@g.us",
      "key": "mobile legend (b)",
      "response": "*ML B*\n*SEMI FAST*\n\n14 💎 Rp 3.390\n42 💎 Rp 9.500\n70 💎 Rp 15.600\n140 💎 Rp 30.800\n284 💎 Rp 61.200\n355 💎 Rp 76.926\n425 💎 Rp 91.510\n716 💎 Rp 151.984\n1084 💎 Rp 228.610\n1446 💎 Rp 304.437\n2976 💎 Rp 609.806\n7502 💎 Rp 1.520.849",
      "isImage": false,
      "image_url": "-"
   },
   {
      "id": "120363130851635239@g.us",
      "key": "free fire",
      "response": "*FREE FIRE FAST VIA ID*\n*RATE 270*\n\n5💎\tRp810,00\n20💎\tRp2.710,00\n50💎\tRp6.480,00\n70💎\tRp8.910,00\n100💎\tRp12.960,00\n140💎\tRp17.820,00\n210💎\tRp26.730,00\n355💎\tRp44.550,00\n425💎\tRp54.470,00\n720💎\tRp89.100,00\n860💎\tRp105.940,00\n1075💎\tRp132.175,00\n2000💎\tRp240.500,00\n4000💎\tRp480.000,00\n6000💎Rp720.500,00\n7290💎\tRp880.500,00\nMM\tRp27.500,00\nMB \tRp80.500,00\n\n• *PROSES 1-10 MENIT*",
      "isImage": false,
      "image_url": "-"
   },
   {
      "id": "120363130851635239@g.us",
      "key": "rumus dm mlbb",
      "response": "_*RUMUS DIAMOND ML💎*_\n\nBerikut rinciannya : \n\n*PAKET A*\n```86💎= 78 + (Bonus 8)```\n```172💎= 156 + (Bonus 16)```\n```257💎= 234 + (Bonus 23)```\n```344💎= 310 + (Bonus 34)```\n```516💎= 465 + (Bonus 51)```\n```706💎= 625 + (Bonus 81)```\n```1346💎= 1160 + (Bonus 186)```\n```1825💎= 1547 + (Bonus 278)```\n```2195💎= 1860 + (Bonus 335)```\n```3688💎= 3099 + (Bonus 589)```\n```4649💎= 4649 + (Bonus 883)```\n```9288💎= 7740 + (Bonus 1548)```\n\n *PAKET B*\n ```14 💎= 13 + (Bonus 1)```\n ```42 💎= 38 + (Bonus 4)```\n ```70 💎= 64 + (Bonus 6)```\n ```140 💎= 128 + (Bonus 12)```\n ```284 💎= 254 + (Bonus 30)```\n ```355 💎= 317 + (Bonus 38)```\n ```429 💎= 383 + (Bonus 46)```\n ```716 💎= 633 + (Bonus 83)```\n ```1446 💎= 1252+ (Bonus 194)```\n\n_*CATATAN*_\nBonus Tidak di Hitung Oleh Montoon Saat Event.",
      "isImage": false,
      "image_url": "-"
   },
   {
      "id": "120363130851635239@g.us",
      "key": "mlbb vilog",
      "response": " *_PRICELIST DIAMOND VIA LOGIN MLBB PAKET SLOW_* ✅\n\n*PROSES VIA LOGIN AKUN MLBB ESTIMASI 2 - 4 JAM MAX 1 HARI JIKA ADA KENDALA* \n\n*AKUN YANG BELUM DIMAINKAN*\n```275 💎 = 65.000\n565 💎 = 115.100\n1155 💎 = 205.100\n1765 💎 = 305.100\n2975 💎 = 505.100\n6000 💎 = 975.100```\n\n*AKUN YANG SUDAH DIMAINKAN*\n\n```275 💎 Rp. 60.100\n565 💎 Rp. 105.100\n1155 💎 Rp. 200.100\n1765 💎 Rp. 295.100\n2975 💎 Rp. 485.100\n6000 💎 Rp. 935.100```\n\n*NOTE* :\n1. VILOG SLOW WITH PLAY 3 - 5 MATCH \n2. BERLAKU KELIPATAN\n3. LOGIN MOONTON\n4. OFF V2L\n5. LEGAL HAVE INVOICE\n6. NO GARANSI",
      "isImage": false,
      "image_url": "-"
   },
   {
      "id": "120363130851635239@g.us",
      "key": "ff vilog",
      "response": "*❌❌❌ LAGI EROR YA MOHON BERSABAR ❌❌❌",
      "isImage": false,
      "image_url": "-"
   },
   {
      "id": "120363130851635239@g.us",
      "key": "pulsa trasfer",
      "response": "*PULSA TF ALL OPERATOR :*\n\n*PULSA : HARGA*\n\n5.000 : Rp5.700\n10.000 : Rp10.700\n15.000 : Rp15.500\n20.000 : Rp20.500\n25.000 : Rp25.800\n\n*Note*\n- Tidak menambah masa aktif!",
      "isImage": false,
      "image_url": "-"
   },
   {
      "id": "120363130851635239@g.us",
      "key": "token listrik",
      "response": "*⚡ TOKEN LISTRIK ⚡*\n\nPLN 5.000 : Rp6.500\nPLN 10.000 : Rp11.500\nPLN 15.000 : Rp16.500\nPLN 20.000 : Rp20.500\nPLN 50.000 : Rp50.600\nPLN 100.000 : Rp100.600\n\n*Note :*\n- format order :\nproduk :\nNo tujuan :\n- salah no tujuan tidak tanggung jawab admin",
      "isImage": false,
      "image_url": "-"
   },
   {
      "id": "120363130851635239@g.us",
      "key": "genshin impact",
      "response": "*List Genshin impact*\n_Proses 1-5 Menit_\n\n60 🔮 : Rp,12.500\n300+30 🔮 : Rp61.000\n980+110 🔮 : Rp180.000\n1980+260 🔮 : Rp385.000\n3280+600 🔮 : Rp600.000\n\n*Note :*\n- Pastikan id + server benar\n- wajib tf sesuai list\n- No reff",
      "isImage": false,
      "image_url": "-"
   },
   {
      "id": "120363130851635239@g.us",
      "key": "pubg mobile",
      "response": "*List Pubg Mobile :*\n\n35 uc : Rp7.700\n52 uc : Rp9.600\n70 uc : Rp13.600\n105 uc : Rp18.900\n131 uc : Rp23.200\n150 uc : Rp26.600\n210 uc : Rp36.600\n250 uc : Rp44.600\n530 uc : Rp90.400\n600 uc : Rp104.300\n\n*Note :*\n- Proses 1-10 menit\n- List lain tinggal tambahkan aj uc nya",
      "isImage": false,
      "image_url": "-"
   },
   {
      "id": "120363130851635239@g.us",
      "key": "arena of valor",
      "response": "*AOV VIA ID :*\n\n7 🛑 : Rp2.500\n18 🛑 : Rp5.500\n40 🛑 : Rp9.900\n90 🛑 : Rp18.700\n230 🛑 : Rp45.500\n470 🛑 : Rp90.000\n950 🛑 : Rp181.000\n\n*Note :*\n- Pastikan id benar\n- Proses 1-10 menit",
      "isImage": false,
      "image_url": "-"
   },
   {
      "id": "120363130851635239@g.us",
      "key": "give skin & item mlbb",
      "response": "*SKIN Rate 130 :*\n*CLOSE❌*\n\n269 💎 NORMAL = × Rate\n299 💎 NORMAL = × Rate\n399 💎 ELITE = × Rate\n599 💎 ELITE = × Rate\n749 💎 SPECIAL = × Rate\n899 💎 EPIC = × Rate\n1089 💎 LIGHTBORN = × Rate\n188 💎 PAINTED SKIN = × Rate\n\n GIFT ITEM :\n\n199 💎 CREATE SQUAD = × Rate\n239 💎 CHANGE NAME = × Rate\n299 💎 SQ CHANGE NAME = × Rate\n1000 💎 CHANGE FLAG = × Rate\n599 💎 ALL HERO = × Rate\n\nGIFT CHARISMA :\n\n999 💎 GOLDMOON LATERN = × Rate\n499 💎 ANGEL ARK = × Rate\n499 💎 PARADISE ISLAND = × Rate\n\n(JUMLAH DM × RATE = HARGANYA)\n\n👤 BERTEMAN 7 HARI\n📆 SEND SESUAI JADWAL\n⏰ START SEND SAAT MALAM \n📦 STATUS OPEN ✅\n---------------------------\nFormat Order Gift Skin & Item :\nID:\nServer:\nNick:\nTanggal Order:\nNama Skin :",
      "isImage": false,
      "image_url": "-"
   },
   {
      "id": "120363047125224452@g.us",
      "key": "v",
      "response": "Jerofc",
      "isImage": false,
      "image_url": "-"
   }
]